TIME1,V1,V2,V3,V4,V5,V6,V7,V8,V9,V14,V10,V11,V12,V13,label
0.0,0.4999045542858294,0.4980857527130489,0.4980857527130489,0.4980857527130489,0.4872737121610998,0.4872737121610998,0.4872737121610998,0.4872733279978853,0.4826476878651135,0.4826476878651135,0.4837228055115479,0.0,0.0,0.4838956361694385,3
1e-07,0.5001664112122934,0.4982241041291511,0.4982241041291511,0.4982241041291511,0.4871386211004133,0.4871386211004133,0.4871386211004133,0.4871382286228208,0.482072747125481,0.482072747125481,0.4835553837492303,0.0,0.0,0.4834160337256836,3
2e-07,0.5004282677252495,0.4982486511807242,0.4982486511807242,0.4982486511807242,0.4869637403227002,0.4869637403227002,0.4869637403227002,0.486963342285715,0.4817897395436821,0.4817897395436821,0.4833548358437354,0.0,0.0,0.4831798291542676,3
4e-07,0.5009519778566107,0.4982597916387656,0.4982597916387656,0.4982597916387656,0.4866007111770392,0.4866007111770392,0.4866007111770392,0.4866002958158252,0.480689586325821,0.480689586325821,0.4827514508316879,0.0,0.0,0.4822619848244131,3
8e-07,0.5019993749630476,0.4982579510002076,0.4982579510002076,0.4982579510002076,0.485866237549837,0.485866237549837,0.485866237549837,0.485865797362989,0.4793700741001367,0.4793700741001367,0.4812793273935872,0.0,0.0,0.481160784007053,3
1.6e-06,0.5040939839295228,0.4982712679513841,0.4982712679513841,0.4982712679513841,0.4844033721732184,0.4844033721732184,0.4844033721732184,0.4844028658673212,0.4752640425402095,0.4752640425402095,0.4777406888511052,0.0,0.0,0.4777350466547074,3
3.2e-06,0.5082817200156476,0.4982834062647221,0.4982834062647221,0.4982834062647221,0.4814736469796371,0.4814736469796371,0.4814736469796371,0.4814730297293746,0.468944257044446,0.468944257044446,0.4708963182621398,0.0,0.0,0.4724615447928519,3
6.4e-06,0.5166453413923175,0.4983207851474298,0.4983207851474298,0.4983207851474298,0.4756272225665522,0.4756272225665522,0.4756272225665522,0.4756263594259391,0.4541615462812038,0.4541615462812038,0.4569105806034043,0.0,0.0,0.4601273838378405,3
1.24799999999e-05,0.5324505115582953,0.4983806083696067,0.4983806083696067,0.4983806083696067,0.4645756714278691,0.4645756714278691,0.4645756714278691,0.4645743643736129,0.4280698090228491,0.4280698090228491,0.4307547391167974,0.0,0.0,0.4383565265737797,3
2.34362221973e-05,0.5603906341898374,0.498487549561633,0.498487549561633,0.498487549561633,0.4450410616303944,0.4450410616303944,0.4450410616303944,0.4450389616775595,0.3812198042238431,0.3812198042238431,0.3843950754740908,0.0,0.0,0.3992654011408004,3
3.90612221973e-05,0.5981308669355274,0.4986266210179635,0.4986266210179635,0.4986266210179635,0.4186566096089544,0.4186566096089544,0.4186566096089544,0.4186534391205062,0.3179767053368181,0.3179767053368181,0.3217560048463919,0.0,0.0,0.3464960425035916,3
5.46862221973e-05,0.6320963175720403,0.4987425553116273,0.4987425553116273,0.4987425553116273,0.3949127608307674,0.3949127608307674,0.3949127608307674,0.3949086269506037,0.2610633351254949,0.2610633351254949,0.2653366320845194,0.0,0.0,0.299008140988049,3
7.03112221973e-05,0.6609817128794591,0.4988364713647444,0.4988364713647444,0.4988364713647444,0.3747239055815747,0.3747239055815747,0.3747239055815747,0.374718952670062,0.2126817146400948,0.2126817146400948,0.2173397218852302,0.0,0.0,0.2586390342031918,3
8.59362221973e-05,0.6836770033152357,0.4988982822312522,0.4988982822312522,0.4988982822312522,0.3588636246603532,0.3588636246603532,0.3588636246603532,0.3588580283944507,0.1746798063414546,0.1746798063414546,0.1795721410930757,0.0,0.0,0.2269306451239593,3
0.0001015612221973,0.6993100215955892,0.4989320543847646,0.4989320543847646,0.4989320543847646,0.3479436713618761,0.3479436713618761,0.3479436713618761,0.3479376323007574,0.1485293478218096,0.1485293478218096,0.1535206922442444,0.0,0.0,0.2051109730924494,3
0.0001171862221973,0.7072799995951033,0.4989300839154738,0.4989300839154738,0.4989300839154738,0.3423814528645166,0.3423814528645166,0.3423814528645166,0.3423751884249493,0.1352239000118352,0.1352239000118352,0.1401531715339601,0.0,0.0,0.1940090379950069,3
0.0001328112221973,0.7072806555288711,0.4988988170860771,0.4988988170860771,0.4988988170860771,0.3423929487732821,0.3423929487732821,0.3423929487732821,0.3423866851922281,0.135286209023336,0.135286209023336,0.1400146834657892,0.0,0.0,0.194061011091692,3
0.0001484362221973,0.6993119641897264,0.498833120245135,0.498833120245135,0.498833120245135,0.3479755015747017,0.3479755015747017,0.3479755015747017,0.3479694648966904,0.1487024053704772,0.1487024053704772,0.1530809734496068,0.0,0.0,0.2052553234735929,3
0.0001640612221973,0.6836801579169388,0.4987418182196164,0.4987418182196164,0.4987418182196164,0.3589167789470533,0.3589167789470533,0.3589167789470533,0.3589111866566445,0.1749684342815833,0.1749684342815833,0.1788777722566222,0.0,0.0,0.2271713949037836,3
0.0001796862221973,0.6609859582591533,0.4986221544420242,0.4986221544420242,0.4986221544420242,0.3747941224672843,0.3747941224672843,0.3747941224672843,0.3747891748111771,0.2130633269780904,0.2130633269780904,0.2163874655953804,0.0,0.0,0.2589573438776385,3
0.0001953112221973,0.6321014905821652,0.4984849581300024,0.4984849581300024,0.4984849581300024,0.3949995524702861,0.3949995524702861,0.3949995524702861,0.3949954250829761,0.2615347530639951,0.2615347530639951,0.2641933242072053,0.0,0.0,0.2994013591783717,3
0.0002109362221973,0.598136768780205,0.4983293055024047,0.4983293055024047,0.4983293055024047,0.4187544185011157,0.4187544185011157,0.4187544185011157,0.4187512553333036,0.3185082824552311,0.3185082824552311,0.3204348591340609,0.0,0.0,0.3469394404809415,3
0.0002265612221973,0.5603970380644865,0.4981673401445152,0.4981673401445152,0.4981673401445152,0.4451479881151702,0.4451479881151702,0.4451479881151702,0.4451458962249878,0.3818062169173763,0.3818062169173763,0.3829727466529422,0.0,0.0,0.3997545373207198,3
0.0002421862221973,0.5203326151217298,0.4979991583712122,0.4979991583712122,0.4979991583712122,0.4731638279804287,0.4731638279804287,0.4731638279804287,0.4731628730948887,0.4489842174009282,0.4489842174009282,0.4493829246461191,0.0,0.0,0.4558071234616559,3
0.0002578112221973,0.479483153257238,0.497837317445772,0.497837317445772,0.497837317445772,0.5017274351088212,0.5017274351088212,0.5017274351088212,0.5017276394236049,0.5174725748793336,0.5174725748793336,0.5171328832008023,0.0,0.0,0.5129530586039832,3
0.0002734362221973,0.4394184743818212,0.497681976288562,0.497681976288562,0.497681976288562,0.5297390064048655,0.5297390064048655,0.5297390064048655,0.5297403474043663,0.5846273374249913,0.5846273374249913,0.583600524372094,0.0,0.0,0.5689862615738728,3
0.0002890612221973,0.4016782416361313,0.4975451317377879,0.4975451317377879,0.4975451317377879,0.5561241795052313,0.5561241795052313,0.5561241795052313,0.5561265911562275,0.6478798431848852,0.6478798431848852,0.6462490095159689,0.0,0.0,0.6217634654770336,3
0.0003046862221973,0.3677127909996185,0.4974260486672905,0.4974260486672905,0.4974260486672905,0.5798668905810879,0.5798668905810879,0.5798668905810879,0.5798702655404593,0.7047871907967599,0.7047871907967599,0.7026542757781798,0.0,0.0,0.6692463434002935,3
0.0003203112221973,0.3388273956921998,0.4973352644017672,0.4973352644017672,0.4973352644017672,0.6000568040500188,0.6000568040500188,0.6000568040500188,0.6000609981213475,0.7531746870492448,0.7531746870492448,0.7506643117022502,0.0,0.0,0.7096203512408796,3
0.0003359362221973,0.3161321052564229,0.4972703394678039,0.4972703394678039,0.4972703394678039,0.6159159594161672,0.6159159594161672,0.6159159594161672,0.6159207967580305,0.7911705125391002,0.7911705125391002,0.7884193495205918,0.0,0.0,0.7413236665331873,3
0.0003515612221973,0.3004990869760695,0.4972396646088413,0.4972396646088413,0.4972396646088413,0.6268369588858668,0.6268369588858668,0.6268369588858668,0.6268422391041143,0.8173269109024284,0.8173269109024284,0.8144824573668699,0.0,0.0,0.7631482930401063,3
0.0003671862221973,0.2925291089765558,0.4972385552885185,0.4972385552885185,0.4972385552885185,0.6323980638245312,0.6323980638245312,0.6323980638245312,0.6324035693367708,0.8306262082072028,0.8306262082072028,0.8278388110326951,0.0,0.0,0.7742450979122848,3
0.0003828112221973,0.2925284530427878,0.4972728853481714,0.4972728853481714,0.4972728853481714,0.6323876021885285,0.6323876021885285,0.6323876021885285,0.6323931069240661,0.8305699103390901,0.8305699103390901,0.8279876675452813,0.0,0.0,0.7741981387342818,3
0.0003984362221973,0.3004971443819327,0.497335536251358,0.497335536251358,0.497335536251358,0.6268039476758898,0.6268039476758898,0.6268039476758898,0.6268092254232459,0.8171474888137465,0.8171474888137465,0.8149114209974592,0.0,0.0,0.7629986338707646,3
0.0004140612221973,0.3161289506547204,0.4974298678660775,0.4974298678660775,0.4974298678660775,0.6158636928256902,0.6158636928256902,0.6158636928256902,0.615868526267977,0.7908875490931893,0.7908875490931893,0.7891238554605647,0.0,0.0,0.7410876414294378,3
0.0004296862221973,0.3388231503125058,0.4975465191372623,0.4975465191372623,0.4975465191372623,0.5999852592946535,0.5999852592946535,0.5999852592946535,0.599989448016742,0.7527863500103816,0.7527863500103816,0.751605270114043,0.0,0.0,0.7092964322678499,3
0.0004453112221973,0.367707617989494,0.4976867118152275,0.4976867118152275,0.4976867118152275,0.5797808402093372,0.5797808402093372,0.5797808402093372,0.5797842087459565,0.7043210974997158,0.7043210974997158,0.7038076466448226,0.0,0.0,0.668857566311152,3
0.0004609362221973,0.4016723397914543,0.4978393849526625,0.4978393849526625,0.4978393849526625,0.5560248957229542,0.5560248957229542,0.5560248957229542,0.5560272999533495,0.6473411743601081,0.6473411743601081,0.647558155555124,0.0,0.0,0.6213141519827685,3
0.0004765612221973,0.439412070507173,0.4980043138656653,0.4980043138656653,0.4980043138656653,0.5296323255662979,0.5296323255662979,0.5296323255662979,0.5296336586032561,0.5840495038416518,0.5840495038416518,0.5850276259362638,0.0,0.0,0.568504279832307,3
0.0004921862221973,0.4794764934499295,0.4981695487552819,0.4981695487552819,0.4981695487552819,0.5016154186574736,0.5016154186574736,0.5016154186574736,0.5016156146021665,0.5168650164212802,0.5168650164212802,0.5186103140883491,0.0,0.0,0.5124462829685732,3
0.0005078112221973,0.5203259553144215,0.4983343208321331,0.4983343208321331,0.4983343208321331,0.4730527996684775,0.4730527996684775,0.4730527996684775,0.4730518364979696,0.4483830189359116,0.4483830189359116,0.4508669428287081,0.0,0.0,0.4553056525983077,3
0.0005234362221973,0.560390634189838,0.4984867473076293,0.4984867473076293,0.4984867473076293,0.445040172599415,0.445040172599415,0.445040172599415,0.4450380726556059,0.3812216707181258,0.3812216707181258,0.3843928899506545,0.0,0.0,0.3992669565830332,3
0.0005390612221973,0.5981308669355281,0.4986264910080069,0.4986264910080069,0.4986264910080069,0.4186559764610723,0.4186559764610723,0.4186559764610723,0.418652805951884,0.3179756264237994,0.3179756264237994,0.3217503155750858,0.0,0.0,0.3464951420572538,3
0.0005546862221973,0.6320963175720405,0.4987426911994603,0.4987426911994603,0.4987426911994603,0.394912220743192,0.394912220743192,0.394912220743192,0.3949080868360215,0.2610615890956808,0.2610615890956808,0.26533927138671,0.0,0.0,0.2990066843387527,3
0.0005703112221973,0.6609817128794594,0.4988363430095091,0.4988363430095091,0.4988363430095091,0.3747232731974891,0.3747232731974891,0.3747232731974891,0.3747183202655315,0.2126806609854939,0.2126806609854939,0.2173345527101046,0.0,0.0,0.258638154820804,3
0.0005859362221973,0.6836770033152363,0.4988984164729242,0.4988984164729242,0.4988984164729242,0.3588630841824083,0.3588630841824083,0.3588630841824083,0.3588574878892266,0.1746780366262345,0.1746780366262345,0.1795742927735089,0.0,0.0,0.2269291687228743,3
0.0006015612221973,0.6993100215955894,0.4989319276629684,0.4989319276629684,0.4989319276629684,0.3479430397341718,0.3479430397341718,0.3479430397341718,0.3479370006528886,0.1485283181034306,0.1485283181034306,0.1535159819002931,0.0,0.0,0.2051101136714596,3
0.0006171862221973,0.7072799995951033,0.4989302165321283,0.4989302165321283,0.4989302165321283,0.3423809120036744,0.3423809120036744,0.3423809120036744,0.3423746475365692,0.1352221078347018,0.1352221078347018,0.1401548931154055,0.0,0.0,0.194007542862414,3
0.0006328112221973,0.7072806555288709,0.4988986919767155,0.4988986919767155,0.4988986919767155,0.3423923178945299,0.3423923178945299,0.3423923178945299,0.3423860542935788,0.1352852021107387,0.1352852021107387,0.1400103779442559,0.0,0.0,0.1940601706894347,3
0.0006484362221973,0.699311964189726,0.4988332512576421,0.4988332512576421,0.4988332512576421,0.34797496033805,0.34797496033805,0.34797496033805,0.347968923632254,0.148700591773568,0.148700591773568,0.1530823156405783,0.0,0.0,0.2052538104784997,3
0.0006640612221973,0.6836801579169383,0.4987416947019567,0.4987416947019567,0.4987416947019567,0.3589161488098094,0.3589161488098094,0.3589161488098094,0.35891055649976,0.1749674492142677,0.1749674492142677,0.1788738239463536,0.0,0.0,0.2271705727192386,3
0.0006796862221973,0.660985958259153,0.4986222838709819,0.4986222838709819,0.4986222838709819,0.3747935808619918,0.3747935808619918,0.3747935808619918,0.3747886331778633,0.2130614928436985,0.2130614928436985,0.2163884730973694,0.0,0.0,0.2589558137558288,3
0.0006953112221973,0.6321014905821646,0.4984848361835809,0.4984848361835809,0.4984848361835809,0.3949989230674242,0.3949989230674242,0.3949989230674242,0.3949947956607209,0.2615337890327825,0.2615337890327825,0.2641896911382533,0.0,0.0,0.2994005545367625,3
0.0007109362221973,0.5981367687802043,0.4983294333681458,0.4983294333681458,0.4983294333681458,0.4187538765342334,0.4187538765342334,0.4187538765342334,0.4187507133381719,0.3185064285234767,0.3185064285234767,0.3204355713519916,0.0,0.0,0.3469378938496518,3
0.0007265612221973,0.5603970380644857,0.4981672197491322,0.4981672197491322,0.4981672197491322,0.4451473594395821,0.4451473594395821,0.4451473594395821,0.4451452675302458,0.3818052732468169,0.3818052732468169,0.3829693918284825,0.0,0.0,0.399753749658768,3
0.0007421862221973,0.5203326151217286,0.4979992846938046,0.4979992846938046,0.4979992846938046,0.4731632856589564,0.4731632856589564,0.4731632856589564,0.4731623307449457,0.4489823442859601,0.4489823442859601,0.4493833763153195,0.0,0.0,0.4558055608329865,3
0.0007578112221973,0.4794831532572369,0.4978371985814922,0.4978371985814922,0.4978371985814922,0.5017268071534167,0.5017268071534167,0.5017268071534167,0.5017270114492797,0.517471651012727,0.517471651012727,0.5171297740086637,0.0,0.0,0.5129522874574488,3
0.0007734362221973,0.4394184743818204,0.4976821010878134,0.4976821010878134,0.4976821010878134,0.5297384637356185,0.5297384637356185,0.5297384637356185,0.5297398047064331,0.5846254456285391,0.5846254456285391,0.5836007461103615,0.0,0.0,0.5689846833662098,3
0.0007890612221973,0.4016782416361303,0.4975450143849311,0.4975450143849311,0.4975450143849311,0.5561235522631038,0.5561235522631038,0.5561235522631038,0.5561259638954076,0.6478789386715138,0.6478789386715138,0.6462461172101903,0.0,0.0,0.6217627104700847,3
0.0008046862221973,0.3677127909996176,0.4974261719627515,0.4974261719627515,0.4974261719627515,0.5798663475708314,0.5798663475708314,0.5798663475708314,0.5798697225013056,0.7047852807207707,0.7047852807207707,0.7026542945732334,0.0,0.0,0.6692447499488601,3
0.0008203112221973,0.3388273956921993,0.4973351485409116,0.4973351485409116,0.4973351485409116,0.600056177514346,0.600056177514346,0.600056177514346,0.600060371567206,0.7531738015326216,0.7531738015326216,0.7506616109454984,0.0,0.0,0.7096196120762421,3
0.0008359362221973,0.3161321052564225,0.4972704612787733,0.4972704612787733,0.4972704612787733,0.6159154160716486,0.6159154160716486,0.6159154160716486,0.6159202533844074,0.7911685844967941,0.7911685844967941,0.7884191891597419,0.0,0.0,0.7413220580991631,3
0.0008515612221973,0.3004990869760693,0.4972395502208138,0.4972395502208138,0.4972395502208138,0.6268363330498438,0.6268363330498438,0.6268363330498438,0.6268416132498432,0.8173260441100059,0.8173260441100059,0.8144799258270834,0.0,0.0,0.7631475694904428,3
0.0008671862221973,0.2925291089765557,0.4972386756340432,0.4972386756340432,0.4972386756340432,0.6323975201523476,0.6323975201523476,0.6323975201523476,0.6324030256352782,0.8306242624321343,0.8306242624321343,0.8278384924810069,0.0,0.0,0.7742434746904991,3
0.0008828112221973,0.2925284530427879,0.4972727724140497,0.4972727724140497,0.4972727724140497,0.6323869770455326,0.6323869770455326,0.6323869770455326,0.6323924817630404,0.8305690620735254,0.8305690620735254,0.8279852855403367,0.0,0.0,0.7741974306350554,3
0.0008984362221973,0.300497144381933,0.4973356551502377,0.4973356551502377,0.4973356551502377,0.6268034036825555,0.6268034036825555,0.6268034036825555,0.6268086814004002,0.817145525468548,0.817145525468548,0.814910962731937,0.0,0.0,0.7629969959968337,3
0.0009140612221973,0.3161289506547209,0.4974297563671839,0.4974297563671839,0.4974297563671839,0.6158630683691826,0.6158630683691826,0.6158630683691826,0.6158679017936565,0.7908867192244602,0.7908867192244602,0.7891216056448119,0.0,0.0,0.7410869486721534,3
0.0009296862221973,0.3388231503125065,0.497546636608055,0.497546636608055,0.497546636608055,0.5999847149866328,0.5999847149866328,0.5999847149866328,0.5999889036790085,0.752784369194193,0.752784369194193,0.7516046884179974,0.0,0.0,0.7092947798243916,3
0.0009453112221973,0.3677076179894947,0.4976866017331263,0.4976866017331263,0.4976866017331263,0.5797802164327295,0.5797802164327295,0.5797802164327295,0.5797835849517518,0.7043202859575944,0.7043202859575944,0.7038055137321508,0.0,0.0,0.668856888837319,3
0.0009609362221973,0.4016723397914553,0.4978395010136833,0.4978395010136833,0.4978395010136833,0.5560243511066281,0.5560243511066281,0.5560243511066281,0.55602675530711,0.647339176114828,0.647339176114828,0.647557464777395,0.0,0.0,0.6213124850047458,3
0.0009765612221973,0.4394120705071739,0.4980042051821587,0.4980042051821587,0.4980042051821587,0.5296317024633166,0.5296317024633166,0.5296317024633166,0.5296330354828935,0.5840487106108146,0.5840487106108146,0.585025596457619,0.0,0.0,0.5685036176291081,3
0.0009921862221973,0.4794764934499307,0.4981696634246106,0.4981696634246106,0.4981696634246106,0.5016148737390742,0.5016148737390742,0.5016148737390742,0.5016150696536529,0.5168630007371618,0.5168630007371618,0.5186095268720292,0.0,0.0,0.5124446014479,3
0.0010078112221973,0.5203259553144224,0.4983342135292603,0.4983342135292603,0.4983342135292603,0.4730521772326991,0.4730521772326991,0.4730521772326991,0.473051214045026,0.4483822440493138,0.4483822440493138,0.4508650049159982,0.0,0.0,0.4553050056932237,3
0.0010234362221973,0.5603906341898388,0.4984868606031107,0.4984868606031107,0.4984868606031107,0.4450396273851584,0.4450396273851584,0.4450396273851584,0.4450375274110337,0.3812196375391368,0.3812196375391368,0.3843920174351022,0.0,0.0,0.3992652604730097,3
0.0010390612221973,0.5981308669355287,0.4986263850680421,0.4986263850680421,0.4986263850680421,0.4186553546862557,0.4186553546862557,0.4186553546862557,0.418652184160119,0.3179748699588762,0.3179748699588762,0.321748458772692,0.0,0.0,0.3464945105148302,3
0.0010546862221973,0.632096317572042,0.4987428031387071,0.4987428031387071,0.4987428031387071,0.3949116752391458,0.3949116752391458,0.3949116752391458,0.3949075413014571,0.2610595383236039,0.2610595383236039,0.2653383233851071,0.0,0.0,0.2990049735574439,3
0.0010703112221973,0.6609817128794604,0.498836238414952,0.498836238414952,0.498836238414952,0.374722652077442,0.374722652077442,0.374722652077442,0.374717699128754,0.2126799230596278,0.2126799230596278,0.2173327678074819,0.0,0.0,0.2586375387389689,3
0.0010859362221973,0.6836770033152367,0.4988985270733224,0.4988985270733224,0.4988985270733224,0.3588625383945577,0.3588625383945577,0.3588625383945577,0.358856942070654,0.1746759681245538,0.1746759681245538,0.1795732779296732,0.0,0.0,0.2269274431564398,3
0.0011015612221973,0.69931002159559,0.4989318243965481,0.4989318243965481,0.4989318243965481,0.3479424192627838,0.3479424192627838,0.3479424192627838,0.3479363801649899,0.1485275988706717,0.1485275988706717,0.1535142607850751,0.0,0.0,0.2051095131786031,3
0.0011171862221973,0.7072799995951033,0.4989303258108384,0.4989303258108384,0.4989303258108384,0.3423803659379891,0.3423803659379891,0.3423803659379891,0.3423741014399563,0.1352200214321476,0.1352200214321476,0.1401538190421948,0.0,0.0,0.1940058023680365,3
0.0011328112221973,0.7072806555288708,0.4988985900213856,0.4988985900213856,0.4988985900213856,0.3423916980657727,0.3423916980657727,0.3423916980657727,0.3423854344485326,0.1352845017584029,0.1352845017584029,0.1400087134722283,0.0,0.0,0.1940595859417936,3
0.0011484362221973,0.6993119641897256,0.498833359231599,0.498833359231599,0.498833359231599,0.3479744140004513,0.3479744140004513,0.3479744140004513,0.3479683772635199,0.1486984872669152,0.1486984872669152,0.1530811890415964,0.0,0.0,0.2052520548867604,3
0.0011640612221973,0.6836801579169376,0.4987415940408892,0.4987415940408892,0.4987415940408892,0.3589155296178686,0.3589155296178686,0.3589155296178686,0.3589099372917542,0.1749667679607442,0.1749667679607442,0.1788722098275756,0.0,0.0,0.2271700038988829,3
0.0011796862221973,0.6609859582591522,0.4986223905569051,0.4986223905569051,0.4986223905569051,0.3747930342582204,0.3747930342582204,0.3747930342582204,0.374788086542746,0.213059370000152,0.213059370000152,0.2163872998742496,0.0,0.0,0.258954042872569,3
0.0011953112221973,0.6321014905821636,0.4984847368001666,0.4984847368001666,0.4984847368001666,0.3949983045063014,0.3949983045063014,0.3949983045063014,0.3949941770837598,0.2615331271239733,0.2615331271239733,0.2641881218350336,0.0,0.0,0.2994000018488101,3
0.0012109362221973,0.5981367687802034,0.4983295387825368,0.4983295387825368,0.4983295387825368,0.4187533296699814,0.4187533296699814,0.4187533296699814,0.4187501664423605,0.3185042870830684,0.3185042870830684,0.3204343566992302,0.0,0.0,0.346936107458097,3
0.0012265612221973,0.5603970380644845,0.4981671216269796,0.4981671216269796,0.4981671216269796,0.4451467415034928,0.4451467415034928,0.4451467415034928,0.445144649578548,0.3818046309552958,0.3818046309552958,0.3829678624676857,0.0,0.0,0.3997532133304527,3
0.0012421862221973,0.5203326151217278,0.4979993888529499,0.4979993888529499,0.4979993888529499,0.4731627385399011,0.4731627385399011,0.4731627385399011,0.4731617835941145,0.4489801839635967,0.4489801839635967,0.4493821248039069,0.0,0.0,0.4558037586954191,3
0.0012578112221973,0.4794831532572362,0.4978371017044187,0.4978371017044187,0.4978371017044187,0.5017261898367571,0.5017261898367571,0.5017261898367571,0.5017263941172447,0.5174710286355878,0.5174710286355878,0.5171282803029575,0.0,0.0,0.5129517677365563,3
0.0012734362221973,0.4394184743818194,0.4976822040077899,0.4976822040077899,0.4976822040077899,0.5297379163673568,0.5297379163673568,0.5297379163673568,0.5297392573061757,0.5846232661155761,0.5846232661155761,0.583599461761291,0.0,0.0,0.5689828652252336,3
0.0012890612221973,0.4016782416361296,0.4975449187369669,0.4975449187369669,0.4975449187369669,0.5561229355601848,0.5561229355601848,0.5561229355601848,0.5561253471773497,0.6478783365283929,0.6478783365283929,0.646244655388527,0.0,0.0,0.621762207623122,3
0.0013046862221973,0.3677127909996165,0.4974262736594275,0.4974262736594275,0.4974262736594275,0.5798657999587795,0.5798657999587795,0.5798657999587795,0.5798691748570346,0.7047830816861413,0.7047830816861413,0.7026529809220678,0.0,0.0,0.6692429155284045,3
0.0013203112221973,0.3388273956921983,0.4973350541062915,0.4973350541062915,0.4973350541062915,0.600055561419526,0.600055561419526,0.600055561419526,0.6000597554574874,0.7531732199645854,0.7531732199645854,0.7506601776924076,0.0,0.0,0.7096191263875871,3
0.0013359362221973,0.316132105256422,0.4972705617678103,0.4972705617678103,0.4972705617678103,0.6159148682212753,0.6159148682212753,0.6159148682212753,0.6159197055015874,0.7911663655888236,0.7911663655888236,0.7884178493143785,0.0,0.0,0.7413202071059857,3
0.0013515612221973,0.3004990869760687,0.4972394569839782,0.4972394569839782,0.4972394569839782,0.6268357175577606,0.6268357175577606,0.6268357175577606,0.6268409977431055,0.817325483478843,0.817325483478843,0.8144785182294082,0.0,0.0,0.7631471012618496,3
0.0013671862221973,0.2925291089765556,0.4972387749309015,0.4972387749309015,0.4972387749309015,0.6323969720690082,0.6323969720690082,0.6323969720690082,0.6324024775192608,0.830622023279265,0.830622023279265,0.8278371291717873,0.0,0.0,0.7742416068147382,3
0.0013828112221973,0.2925284530427882,0.4972726803596399,0.4972726803596399,0.4972726803596399,0.6323863621506056,0.6323863621506056,0.6323863621506056,0.6323918668537079,0.8305685227598001,0.8305685227598001,0.8279839010389343,0.0,0.0,0.7741969801838393,3
0.0013984362221973,0.3004971443819334,0.497335753270177,0.497335753270177,0.497335753270177,0.626802855371392,0.626802855371392,0.626802855371392,0.6268081330563228,0.8171432656799296,0.8171432656799296,0.8149095783557692,0.0,0.0,0.7629951109125666,3
0.0014140612221973,0.3161289506547213,0.4974296654800416,0.4974296654800416,0.4974296654800416,0.6158624540660441,0.6158624540660441,0.6158624540660441,0.6158672874763653,0.7908862016275049,0.7908862016275049,0.7891202419936186,0.0,0.0,0.7410865163313591,3
0.0014296862221973,0.338823150312507,0.4975467335661365,0.4975467335661365,0.4975467335661365,0.5999841664529066,0.5999841664529066,0.5999841664529066,0.5999883551121279,0.7527820883612472,0.7527820883612472,0.7516032850783495,0.0,0.0,0.7092928771909341,3
0.0014453112221973,0.3677076179894958,0.4976865119982885,0.4976865119982885,0.4976865119982885,0.5797796027160914,0.5797796027160914,0.5797796027160914,0.5797829712212188,0.7043197904946774,0.7043197904946774,0.7038041689612727,0.0,0.0,0.6688564749548691,3
0.0014609362221973,0.4016723397914562,0.4978395968247739,0.4978395968247739,0.4978395968247739,0.5560238023553881,0.5560238023553881,0.5560238023553881,0.5560262065224704,0.6473368738111572,0.6473368738111572,0.6475560443181176,0.0,0.0,0.621310564466524,3
0.0014765612221973,0.4394120705071749,0.4980041165848581,0.4980041165848581,0.4980041165848581,0.5296310893278049,0.5296310893278049,0.5296310893278049,0.5296324223337495,0.584048237716051,0.584048237716051,0.585024268840388,0.0,0.0,0.5685032225669875,3
0.0014921862221973,0.4794764934499315,0.4981697581033835,0.4981697581033835,0.4981697581033835,0.501614324775389,0.501614324775389,0.501614324775389,0.501614520656318,0.5168606765196132,0.5168606765196132,0.5186080909083165,0.0,0.0,0.5124426626353569,3
0.0015078112221973,0.5203259553144232,0.4983341260549156,0.4983341260549156,0.4983341260549156,0.4730515646733845,0.4730515646733845,0.4730515646733845,0.4730506014723464,0.4483817941744098,0.4483817941744098,0.4508636929415924,0.0,0.0,0.455304629828143,3
0.0015234362221973,0.5603906341898401,0.4984869541640506,0.4984869541640506,0.4984869541640506,0.4450390782141173,0.4450390782141173,0.4450390782141173,0.4450369782060877,0.3812172909481977,0.3812172909481977,0.3843905673803348,0.0,0.0,0.3992633030029617,3
0.0015390612221973,0.5981308669355299,0.4986262987022649,0.4986262987022649,0.4986262987022649,0.4186547426979228,0.4186547426979228,0.4186547426979228,0.4186515721586937,0.3179744435711581,0.3179744435711581,0.321747161119378,0.0,0.0,0.3464941542364392,3
0.0015546862221973,0.632096317572043,0.4987428955961093,0.4987428955961093,0.4987428955961093,0.3949111258656917,0.3949111258656917,0.3949111258656917,0.3949069918938377,0.2610571688833676,0.2610571688833676,0.2653368604740923,0.0,0.0,0.2990029970330393,3
0.0015703112221973,0.6609817128794611,0.4988361531435408,0.4988361531435408,0.4988361531435408,0.374722040655187,0.374722040655187,0.374722040655187,0.3747170876936849,0.2126795206429742,0.2126795206429742,0.2173314833216195,0.0,0.0,0.2586372024508011,3
0.0015859362221973,0.6836770033152373,0.4988986184412973,0.4988986184412973,0.4988986184412973,0.3588619888235883,0.3588619888235883,0.3588619888235883,0.3588563924652531,0.1746735753432176,0.1746735753432176,0.1795718032397619,0.0,0.0,0.2269254471675784,3
0.0016015612221973,0.69931002159559,0.4989317402054847,0.4989317402054847,0.4989317402054847,0.3479418084015497,0.3479418084015497,0.3479418084015497,0.3479357692912252,0.1485272209242926,0.1485272209242926,0.1535129884605642,0.0,0.0,0.205109197296952,3
0.0016171862221973,0.7072799995951035,0.4989304161033141,0.4989304161033141,0.4989304161033141,0.3423798161742563,0.3423798161742563,0.3423798161742563,0.3423735516415203,0.13521760480199,0.13521760480199,0.1401523335114186,0.0,0.0,0.1940037864913344,3
0.0016328112221973,0.7072806555288708,0.4988985068968321,0.4988985068968321,0.4988985068968321,0.342391087760714,0.342391087760714,0.342391087760714,0.3423848241312328,0.1352841487975689,0.1352841487975689,0.1400074524341297,0.0,0.0,0.1940592908963085,3
0.0016484362221973,0.6993119641897253,0.4988334484623244,0.4988334484623244,0.4988334484623244,0.347973864048728,0.347973864048728,0.347973864048728,0.3479678272768158,0.1486960462648373,0.1486960462648373,0.1530796934852904,0.0,0.0,0.205250018685993,3
0.0016640612221973,0.6836801579169371,0.4987415119691882,0.4987415119691882,0.4987415119691882,0.3589149198641193,0.3589149198641193,0.3589149198641193,0.3589093275260591,0.1749664405159627,0.1749664405159627,0.1788709593162069,0.0,0.0,0.2271697301320153,3
0.0016796862221973,0.6609859582591516,0.4986224787394491,0.4986224787394491,0.4986224787394491,0.3747924841232338,0.3747924841232338,0.3747924841232338,0.3747875363724952,0.2130569040875425,0.2130569040875425,0.2163857949990895,0.0,0.0,0.2589519858986049,3
0.0016953112221973,0.6321014905821631,0.4984846557678382,0.4984846557678382,0.4984846557678382,0.3949976952991731,0.3949976952991731,0.3949976952991731,0.3949935678649872,0.2615328257416995,0.2615328257416995,0.2641868811933204,0.0,0.0,0.2993997498161673,3
0.0017109362221973,0.598136768780202,0.4983296259302929,0.4983296259302929,0.4983296259302929,0.4187527793563474,0.4187527793563474,0.4187527793563474,0.4187496160931725,0.3185017957057494,0.3185017957057494,0.3204328431157589,0.0,0.0,0.3469340292487869,3
0.0017265612221973,0.5603970380644834,0.4981670416207167,0.4981670416207167,0.4981670416207167,0.44514613283821,0.44514613283821,0.44514613283821,0.4451440409019285,0.3818043561969834,0.3818043561969834,0.3829666311284175,0.0,0.0,0.3997529835002636,3
0.0017421862221973,0.5203326151217267,0.4979994749791383,0.4979994749791383,0.4979994749791383,0.4731621880521238,0.4731621880521238,0.4731621880521238,0.4731612330704873,0.4489776665517199,0.4489776665517199,0.4493806030375081,0.0,0.0,0.4558016587755835,3
0.0017578112221973,0.4794831532572351,0.4978370227110873,0.4978370227110873,0.4978370227110873,0.5017255817086552,0.5017255817086552,0.5017255817086552,0.5017257859781203,0.5174707810783808,0.5174707810783808,0.5171270577790323,0.0,0.0,0.5129515605901005,3
0.0017734362221973,0.4394184743818188,0.4976822891254606,0.4976822891254606,0.4976822891254606,0.5297373657099953,0.5297373657099953,0.5297373657099953,0.5297387066126616,0.5846207220839995,0.5846207220839995,0.5835979322623908,0.0,0.0,0.5689807431069456,3
0.0017890612221973,0.4016782416361285,0.4975448407436031,0.4975448407436031,0.4975448407436031,0.5561223279647108,0.5561223279647108,0.5561223279647108,0.556124739571174,0.6478781167651982,0.6478781167651982,0.6462434412637881,0.0,0.0,0.6217620236547943,3
0.0018046862221973,0.3677127909996155,0.4974263577814599,0.4974263577814599,0.4974263577814599,0.5798652491363147,0.5798652491363147,0.5798652491363147,0.5798686239981076,0.704780510434053,0.704780510434053,0.7026514440744586,0.0,0.0,0.6692407707106454,3
0.0018203112221973,0.3388273956921974,0.497334977100099,0.497334977100099,0.497334977100099,0.600054954352205,0.600054954352205,0.600054954352205,0.6000591483797922,0.7531730286039053,0.7531730286039053,0.7506589716132929,0.0,0.0,0.7096189661049241,3
0.0018359362221973,0.3161321052564213,0.4972706449069179,0.4972706449069179,0.4972706449069179,0.6159143172381099,0.6159143172381099,0.6159143172381099,0.6159191544816439,0.791163766499596,0.791163766499596,0.788416305442775,0.0,0.0,0.7413180390745395,3
0.0018515612221973,0.3004990869760685,0.4972393809523265,0.4972393809523265,0.4972393809523265,0.6268351110140953,0.6268351110140953,0.6268351110140953,0.6268403911894008,0.8173253211451248,0.8173253211451248,0.8144773198980402,0.0,0.0,0.7631469651854492,3
0.0018671862221973,0.2925291089765555,0.4972388570996338,0.4972388570996338,0.4972388570996338,0.6323964209294343,0.6323964209294343,0.6323964209294343,0.6324019263425854,0.8306193957202234,0.8306193957202234,0.8278355785484355,0.0,0.0,0.7742394150419905,3
0.0018828112221973,0.2925284530427882,0.4972726052900649,0.4972726052900649,0.4972726052900649,0.6323857561261772,0.6323857561261772,0.6323857561261772,0.6323912608195814,0.8305683900934154,0.8305683900934154,0.8279827102066628,0.0,0.0,0.774196868847705,3
0.0018984362221973,0.3004971443819337,0.4973358344809195,0.4973358344809195,0.4973358344809195,0.6268023040797238,0.6268023040797238,0.6268023040797238,0.6268075817272227,0.8171406090022946,0.8171406090022946,0.8149080212064467,0.0,0.0,0.7629928948576155,3
0.0019140612221973,0.316128950654722,0.4974295913602353,0.4974295913602353,0.4974295913602353,0.6158618485564772,0.6158618485564772,0.6158618485564772,0.6158666819574499,0.7908860992848785,0.7908860992848785,0.7891190584554462,0.0,0.0,0.7410864302830018,3
0.0019296862221973,0.3388231503125078,0.4975468138311156,0.4975468138311156,0.4975468138311156,0.5999836150133145,0.5999836150133145,0.5999836150133145,0.599987803634766,0.7527794019000097,0.7527794019000097,0.7516017215876096,0.0,0.0,0.709290636299083,3
0.0019453112221973,0.3677076179894963,0.4976864388161059,0.4976864388161059,0.4976864388161059,0.5797789977171551,0.5797789977171551,0.5797789977171551,0.5797823662132902,0.7043197191492299,0.7043197191492299,0.7038029925517058,0.0,0.0,0.6688564147556921,3
0.0019609362221973,0.4016723397914569,0.4978396761560577,0.4978396761560577,0.4978396761560577,0.5560232507721312,0.5560232507721312,0.5560232507721312,0.556025654901098,0.647334156884774,0.647334156884774,0.6475544746338054,0.0,0.0,0.6213082981695459,3
0.0019765612221973,0.4394120705071755,0.4980040443283098,0.4980040443283098,0.4980040443283098,0.5296304848352452,0.5296304848352452,0.5296304848352452,0.5296318178325619,0.5840481980574049,0.5840481980574049,0.5850230994281386,0.0,0.0,0.5685031887921617,3
0.0019921862221973,0.4794764934499321,0.4981698365128824,0.4981698365128824,0.4981698365128824,0.5016137730525168,0.5016137730525168,0.5016137730525168,0.5016139688949767,0.5168579284295243,0.5168579284295243,0.518606515145326,0.0,0.0,0.5124403703506832,3
0.0020078112221973,0.5203259553144245,0.4983340547121697,0.4983340547121697,0.4983340547121697,0.4730509606828921,0.4730509606828921,0.4730509606828921,0.4730499974735984,0.4483817869090483,0.4483817869090483,0.4508625304262108,0.0,0.0,0.4553046230667624,3
0.0020234362221973,0.5603906341898407,0.4984870316635219,0.4984870316635219,0.4984870316635219,0.4450385263556345,0.4450385263556345,0.4450385263556345,0.4450364263087744,0.3812145109787195,0.3812145109787195,0.3843889856243049,0.0,0.0,0.3992609841337811,3
0.0020390612221973,0.5981308669355304,0.4986262282616414,0.4986262282616414,0.4986262282616414,0.418654139205398,0.418654139205398,0.418654139205398,0.4186509686582937,0.3179744694230681,0.3179744694230681,0.3217460054282933,0.0,0.0,0.3464941750922962,3
0.0020546862221973,0.6320963175720437,0.4987429721971583,0.4987429721971583,0.4987429721971583,0.3949105738755936,0.3949105738755936,0.3949105738755936,0.3949064398645393,0.2610543563015085,0.2610543563015085,0.2653352727846311,0.0,0.0,0.2990006509681166,3
0.0020703112221973,0.6609817128794615,0.4988360835935101,0.4988360835935101,0.4988360835935101,0.3747214376565738,0.3747214376565738,0.3747214376565738,0.3747164846875849,0.2126795803538524,0.2126795803538524,0.2173303344071271,0.0,0.0,0.2586372515423106,3
0.0020859362221973,0.683677003315238,0.4988986941553794,0.4988986941553794,0.4988986941553794,0.3588614367058592,0.3588614367058592,0.3588614367058592,0.3588558403079457,0.17467072939837,0.17467072939837,0.1795702096531818,0.0,0.0,0.2269230732809855,3
0.0021015612221973,0.6993100215955903,0.4989316715346668,0.4989316715346668,0.4989316715346668,0.3479412058927691,0.3479412058927691,0.3479412058927691,0.3479351667753551,0.1485273152533427,0.1485273152533427,0.153511846296764,0.0,0.0,0.2051092752572905,3
0.0021171862221973,0.7072799995951035,0.498930490941734,0.498930490941734,0.498930490941734,0.3423792639328042,0.3423792639328042,0.3423792639328042,0.3423729993601032,0.1352147247254572,0.1352147247254572,0.1401507340429664,0.0,0.0,0.1940013841420445,3
0.0021328112221973,0.7072806555288708,0.498898439093995,0.498898439093995,0.498898439093995,0.3423904857378297,0.3423904857378297,0.3423904857378297,0.342384222101665,0.1352842785225931,0.1352842785225931,0.1400063170154214,0.0,0.0,0.1940593983740299,3
0.0021484362221973,0.6993119641897253,0.4988335224362443,0.4988335224362443,0.4988335224362443,0.3479733116873845,0.3479733116873845,0.3479733116873845,0.3479672748751117,0.1486931312694304,0.1486931312694304,0.1530780881312241,0.0,0.0,0.2052475872175839,3
0.0021640612221973,0.6836801579169371,0.4987414450232448,0.4987414450232448,0.4987414450232448,0.3589143183231722,0.3589143183231722,0.3589143183231722,0.3589087259788432,0.1749666064330653,0.1749666064330653,0.1788698306546663,0.0,0.0,0.2271698677910208,3
0.0021796862221973,0.6609859582591511,0.4986225518598828,0.4986225518598828,0.4986225518598828,0.3747919316457872,0.3747919316457872,0.3747919316457872,0.3747869838542833,0.21305395336732,0.21305395336732,0.2163841837386111,0.0,0.0,0.2589495246390206,3
0.0021953112221973,0.6321014905821625,0.4984845896678451,0.4984845896678451,0.4984845896678451,0.3949970942363132,0.3949970942363132,0.3949970942363132,0.3949929667962826,0.2615330286661292,0.2615330286661292,0.2641857593174401,0.0,0.0,0.2993999183362827,3
0.0022109362221973,0.598136768780202,0.4983296982081144,0.4983296982081144,0.4983296982081144,0.4187522267665765,0.4187522267665765,0.4187522267665765,0.4187490634622225,0.3184988084357689,0.3184988084357689,0.3204312259127685,0.0,0.0,0.3469315375100849,3
0.0022265612221973,0.5603970380644828,0.4981669763558716,0.4981669763558716,0.4981669763558716,0.4451455322495971,0.4451455322495971,0.4451455322495971,0.4451434403079042,0.3818045969632378,0.3818045969632378,0.3829655160813185,0.0,0.0,0.3997531835773649,3
0.0022421862221973,0.5203326151217261,0.4979995464250804,0.4979995464250804,0.4979995464250804,0.473161635353731,0.473161635353731,0.473161635353731,0.4731606803304921,0.4489746418873861,0.4489746418873861,0.4493789798417608,0.0,0.0,0.4557991358534712,3
0.0022578112221973,0.4794831532572345,0.4978369582707294,0.4978369582707294,0.4978369582707294,0.501724981590459,0.501724981590459,0.501724981590459,0.5017251858549555,0.517471060540576,0.517471060540576,0.5171259496171062,0.0,0.0,0.5129517929364509,3
0.0022734362221973,0.4394184743818181,0.4976823597501152,0.4976823597501152,0.4976823597501152,0.5297368129065405,0.5297368129065405,0.5297368129065405,0.5297381537671714,0.5846176591605969,0.5846176591605969,0.5835963030106793,0.0,0.0,0.5689781882803042,3
0.0022890612221973,0.4016782416361285,0.4975447771172074,0.4975447771172074,0.4975447771172074,0.5561217283132099,0.5561217283132099,0.5561217283132099,0.5561241399151574,0.6478784357977804,0.6478784357977804,0.6462423400558175,0.0,0.0,0.6217622889995944,3
0.0023046862221973,0.3677127909996155,0.4974264275952853,0.4974264275952853,0.4974264275952853,0.5798646962314153,0.5798646962314153,0.5798646962314153,0.57986807105073,0.7047774083666156,0.7047774083666156,0.7026498086919991,0.0,0.0,0.6692381832415721,3
0.0023203112221973,0.3388273956921974,0.4973349142772783,0.4973349142772783,0.4973349142772783,0.6000543551636206,0.6000543551636206,0.6000543551636206,0.600058549187155,0.7531733881017808,0.7531733881017808,0.7506578774391496,0.0,0.0,0.7096192651943405,3
0.0023359362221973,0.3161321052564213,0.4972707139202343,0.4972707139202343,0.4972707139202343,0.615913764235241,0.615913764235241,0.615913764235241,0.6159186014358438,0.791160624382318,0.791160624382318,0.7884146638439901,0.0,0.0,0.7413154182075812,3
0.0023515612221973,0.3004990869760685,0.4972393189228277,0.4972393189228277,0.4972393189228277,0.6268345122848245,0.6268345122848245,0.6268345122848245,0.6268397924565501,0.8173257220242407,0.8173257220242407,0.8144762328479402,0.0,0.0,0.7631472987834498,3
0.0023671862221973,0.2925291089765555,0.4972389253226286,0.4972389253226286,0.4972389253226286,0.6323958678321945,0.6323958678321945,0.6323958678321945,0.6324013732019504,0.8306162126262147,0.8306162126262147,0.8278339306379778,0.0,0.0,0.7742367600043003,3
0.0023828112221973,0.2925284530427882,0.4972725440437662,0.4972725440437662,0.4972725440437662,0.632385157852659,0.632385157852659,0.632385157852659,0.6323906625429669,0.8305688332915119,0.8305688332915119,0.8279816303806898,0.0,0.0,0.7741972377361823,3
0.0023984362221973,0.3004971443819337,0.4973359019236492,0.4973359019236492,0.4973359019236492,0.6268017508915368,0.6268017508915368,0.6268017508915368,0.6268070284951663,0.817137383982857,0.817137383982857,0.814906366879674,0.0,0.0,0.7629902048579615,3
0.0024140612221973,0.316128950654722,0.4974295308871483,0.4974295308871483,0.4974295308871483,0.6158612507351598,0.6158612507351598,0.6158612507351598,0.6158660841335303,0.79088658576146,0.79088658576146,0.7891179859623836,0.0,0.0,0.7410868352620963,3
0.0024296862221973,0.3388231503125087,0.4975468805035041,0.4975468805035041,0.4975468805035041,0.599983061737628,0.599983061737628,0.599983061737628,0.599987250314725,0.7527761339840261,0.7527761339840261,0.75160006073107,0.0,0.0,0.7092879105278462,3
0.0024453112221973,0.3677076179894974,0.4976863791063697,0.4976863791063697,0.4976863791063697,0.5797784003444952,0.5797784003444952,0.5797784003444952,0.5797817688385337,0.7043202498861821,0.7043202498861821,0.703801927508587,0.0,0.0,0.668856856644205,3
0.0024609362221973,0.4016723397914582,0.4978397420679021,0.4978397420679021,0.4978397420679021,0.5560226974122847,0.5560226974122847,0.5560226974122847,0.5560251014964007,0.6473308450787113,0.6473308450787113,0.6475528071262548,0.0,0.0,0.6213055357980422,3
0.0024765612221973,0.4394120705071769,0.4980039853721916,0.4980039853721916,0.4980039853721916,0.5296298879078415,0.5296298879078415,0.5296298879078415,0.5296312209035783,0.5840487740598589,0.5840487740598589,0.5850220419601195,0.0,0.0,0.5685036684282347,3
0.0024921862221973,0.4794764934499336,0.4981699016738545,0.4981699016738545,0.4981699016738545,0.501613219611874,0.501613219611874,0.501613219611874,0.5016134154089754,0.5168545717164695,0.5168545717164695,0.5186048408577515,0.0,0.0,0.5124375705310045,3
0.0025078112221973,0.5203259553144259,0.4983339965000621,0.4983339965000621,0.4983339965000621,0.4730503641973851,0.4730503641973851,0.4730503641973851,0.4730494009870398,0.4483824092054895,0.4483824092054895,0.4508614806657308,0.0,0.0,0.4553051413081132,3
0.0025234362221973,0.5603906341898423,0.4984870960831649,0.4984870960831649,0.4984870960831649,0.4450379728375511,0.4450379728375511,0.4450379728375511,0.445035872744813,0.3812111083182599,0.3812111083182599,0.3843873044207058,0.0,0.0,0.3992581459982933,3
0.0025390612221973,0.5981308669355321,0.4986261707840604,0.4986261707840604,0.4986261707840604,0.4186535431584367,0.4186535431584367,0.4186535431584367,0.4186503726108207,0.3179751390660412,0.3179751390660412,0.3217449635148995,0.0,0.0,0.3464947328165873,3
0.0025546862221973,0.632096317572044,0.4987430358848947,0.4987430358848947,0.4987430358848947,0.3949100202833165,0.3949100202833165,0.3949100202833165,0.3949058862258529,0.2610509066287629,0.2610509066287629,0.2653335845219274,0.0,0.0,0.2989977736288129,3
0.0025703112221973,0.6609817128794618,0.4988360268410972,0.4988360268410972,0.4988360268410972,0.3747208420447492,0.3747208420447492,0.3747208420447492,0.374715889075801,0.2126802984200737,0.2126802984200737,0.2173293004867394,0.0,0.0,0.2586378496474736,3
0.0025859362221973,0.683677003315238,0.4988987571205094,0.4988987571205094,0.4988987571205094,0.3588608830424944,0.3588608830424944,0.3588608830424944,0.3588552865976279,0.1746672316234068,0.1746672316234068,0.179568514181458,0.0,0.0,0.2269201558289644,3
0.0026015612221973,0.6993100215955905,0.4989316154981833,0.4989316154981833,0.4989316154981833,0.3479406107128465,0.3479406107128465,0.3479406107128465,0.3479345715960377,0.1485280828450738,0.1485280828450738,0.1535108205222065,0.0,0.0,0.2051099146624547,3
0.0026171862221973,0.7072799995951035,0.4989305531934387,0.4989305531934387,0.4989305531934387,0.3423787102014829,0.3423787102014829,0.3423787102014829,0.3423724455812728,0.1352111777330771,0.1352111777330771,0.1401490312060803,0.0,0.0,0.193998425647366,3
0.0026328112221973,0.7072806555288705,0.4988983837643213,0.4988983837643213,0.4988983837643213,0.34238989098645,0.34238989098645,0.34238989098645,0.3423836273514677,0.135285096767274,0.135285096767274,0.1400052995452883,0.0,0.0,0.194060080019401,3
0.0026484362221973,0.6993119641897247,0.4988335839835827,0.4988335839835827,0.4988335839835827,0.3479727578911961,0.3479727578911961,0.3479727578911961,0.3479667210308453,0.1486895339185021,0.1486895339185021,0.1530763777668832,0.0,0.0,0.205244586728658,3
0.0026640612221973,0.6836801579169363,0.4987413903913804,0.4987413903913804,0.4987413903913804,0.3589137239971501,0.3589137239971501,0.3589137239971501,0.3589081316545937,0.1749674764848179,0.1749674764848179,0.1788688216540556,0.0,0.0,0.2271705926389658,3
0.0026796862221973,0.6609859582591502,0.4986226127118001,0.4986226127118001,0.4986226127118001,0.3747913777877801,0.3747913777877801,0.3747913777877801,0.3747864299476159,0.2130503044902049,0.2130503044902049,0.2163824656785743,0.0,0.0,0.2589464811821123,3
0.0026953112221973,0.6321014905821616,0.4984845357249048,0.4984845357249048,0.4984845357249048,0.3949965003324053,0.3949965003324053,0.3949965003324053,0.3949923728947507,0.2615339517055788,0.2615339517055788,0.2641847589570402,0.0,0.0,0.2994006873713665,3
0.0027109362221973,0.5981367687802008,0.4983297583734374,0.4983297583734374,0.4983297583734374,0.4187516728497576,0.4187516728497576,0.4187516728497576,0.4187485094961479,0.3184951068375853,0.3184951068375853,0.3204294999828265,0.0,0.0,0.3469284500888086,3
0.0027265612221973,0.560397038064482,0.4981669230930845,0.4981669230930845,0.4981669230930845,0.445144938764767,0.445144938764767,0.445144938764767,0.4451428468260672,0.3818055741989226,0.3818055741989226,0.3829645245380739,0.0,0.0,0.3997539978073938,3
0.0027421862221973,0.5203326151217254,0.4979996059125229,0.4979996059125229,0.4979996059125229,0.4731610813810998,0.4731610813810998,0.4731610813810998,0.4731601263079958,0.448970886345577,0.448970886345577,0.4493772458620494,0.0,0.0,0.4557960034483359,3
0.0027578112221973,0.4794831532572338,0.4978369056794394,0.4978369056794394,0.4978369056794394,0.5017243885215785,0.5017243885215785,0.5017243885215785,0.5017245927896993,0.5174720932088894,0.5174720932088894,0.517124967073452,0.0,0.0,0.5129526533924009,3
0.0027734362221973,0.4394184743818174,0.4976824185682789,0.4976824185682789,0.4976824185682789,0.5297362588810556,0.5297362588810556,0.5297362588810556,0.529737599691198,0.5846138484241895,0.5846138484241895,0.5835945607956325,0.0,0.0,0.5689750098481172,3
0.0027890612221973,0.401678241636128,0.4975447251888703,0.4975447251888703,0.4975447251888703,0.5561211356572249,0.5561211356572249,0.5561211356572249,0.5561235472634416,0.6478795251637771,0.6478795251637771,0.6462413666997872,0.0,0.0,0.6217631967364792,3
0.0028046862221973,0.3677127909996144,0.4974264857526593,0.4974264857526593,0.4974264857526593,0.5798641421560269,0.5798641421560269,0.5798641421560269,0.5798675169242155,0.7047735411556473,0.7047735411556473,0.70264805805047,0.0,0.0,0.6692349577149626,3
0.0028203112221973,0.3388273956921965,0.4973348630034597,0.4973348630034597,0.4973348630034597,0.6000537629176506,0.6000537629176506,0.6000537629176506,0.600057956946114,0.7531745354604102,0.7531745354604102,0.7506569134648933,0.0,0.0,0.709620221291962,3
0.0028359362221973,0.3161321052564206,0.4972707714251987,0.4972707714251987,0.4972707714251987,0.6159132101128592,0.6159132101128592,0.6159132101128592,0.615918047261683,0.7911566993869871,0.7911566993869871,0.7884129045791332,0.0,0.0,0.7413121444943729,3
0.0028515612221973,0.3004990869760682,0.4972392682952029,0.4972392682952029,0.4972392682952029,0.6268339204457972,0.6268339204457972,0.6268339204457972,0.6268392006231267,0.8173269286999286,0.8173269286999286,0.8144752784546193,0.0,0.0,0.7631483043462344,3
0.0028671862221973,0.2925291089765554,0.4972389821834566,0.4972389821834566,0.4972389821834566,0.632395313665556,0.632395313665556,0.632395313665556,0.6324008189828655,0.8306122285061176,0.8306122285061176,0.8278321625471544,0.0,0.0,0.7742334369866783,3
0.0028828112221973,0.2925284530427884,0.4972724940541164,0.4972724940541164,0.4972724940541164,0.6323845664176426,0.6323845664176426,0.6323845664176426,0.6323900711142444,0.8305701006395791,0.8305701006395791,0.8279806857731957,0.0,0.0,0.7741982938944179,3
0.0028984362221973,0.300497144381934,0.4973359581485028,0.4973359581485028,0.4973359581485028,0.6268011966835031,0.6268011966835031,0.6268011966835031,0.626806474234003,0.8171333393667621,0.8171333393667621,0.8149045897549211,0.0,0.0,0.7629868313924839,3
0.0029140612221973,0.3161289506547223,0.4974294815273627,0.4974294815273627,0.4974294815273627,0.6158606597013294,0.6158606597013294,0.6158606597013294,0.6158654931066994,0.7908879151691109,0.7908879151691109,0.7891170513516281,0.0,0.0,0.7410879431724611,3
0.0029296862221973,0.3388231503125093,0.497546936100445,0.497546936100445,0.497546936100445,0.5999825074909877,0.5999825074909877,0.5999825074909877,0.599986696014256,0.7527720274689227,0.7527720274689227,0.7515982743588618,0.0,0.0,0.7092844854444498,3
0.0029453112221973,0.3677076179894979,0.4976863303684418,0.4976863303684418,0.4976863303684418,0.5797778097089994,0.5797778097089994,0.5797778097089994,0.5797811782107589,0.7043216427724012,0.7043216427724012,0.7038010031107135,0.0,0.0,0.6688580174901018,3
0.0029609362221973,0.4016723397914588,0.4978397970448847,0.4978397970448847,0.4978397970448847,0.556022143129719,0.556022143129719,0.556022143129719,0.5560245471592916,0.6473266752286856,0.6473266752286856,0.6475510112870688,0.0,0.0,0.621302057899362,3
0.0029757799721973,0.4374573585527703,0.4979965870983984,0.4979965870983984,0.4979965870983984,0.5309966507500442,0.5309966507500442,0.5309966507500442,0.530998039133936,0.587318894805189,0.587318894805189,0.5882669534060446,0.0,0.0,0.5712322247646529,3
0.0029914049721973,0.4774416069301601,0.498162618189125,0.498162618189125,0.498162618189125,0.5030360154452488,0.5030360154452488,0.5030360154452488,0.5030362690479652,0.5202717624324863,0.5202717624324863,0.5219828376237797,0.0,0.0,0.5152888342688056,3
0.0030070299721973,0.5182890937770623,0.498324990385838,0.498324990385838,0.498324990385838,0.4744737166851796,0.4744737166851796,0.4744737166851796,0.4744728111722766,0.4517893437290269,0.4517893437290269,0.4542340783567125,0.0,0.0,0.4581478530157355,3
0.0030226549721973,0.5584300730814851,0.4984807385372849,0.4984807385372849,0.4984807385372849,0.4464085725732031,0.4464085725732031,0.4464085725732031,0.4464065281620633,0.3845026374569778,0.3845026374569778,0.3876443755656573,0.0,0.0,0.4020045593393884,3
0.0030382799721973,0.5963219495200798,0.4986187025328066,0.4986187025328066,0.4986187025328066,0.4199173008720683,0.4199173008720683,0.4199173008720683,0.419914181536599,0.3209986571140794,0.3209986571140794,0.3247426977296411,0.0,0.0,0.3490175263807645,3
0.0030539049721973,0.6305085595313203,0.4987387265563918,0.4987387265563918,0.4987387265563918,0.3960197448624671,0.3960197448624671,0.3960197448624671,0.3960156558947498,0.2637165039158446,0.2637165039158446,0.2679744751614238,0.0,0.0,0.3012219164936391,3
0.0030695299721973,0.6596761308645479,0.4988310806589107,0.4988310806589107,0.4988310806589107,0.3756324842691208,0.3756324842691208,0.3756324842691208,0.3756275682153451,0.2148589089269344,0.2148589089269344,0.2194948862346415,0.0,0.0,0.2604556619181447,3
0.0030851549721973,0.6827037701107864,0.4988973048414986,0.4988973048414986,0.4988973048414986,0.3595407687390147,0.3595407687390147,0.3595407687390147,0.3595351999369356,0.1763019389578691,0.1763019389578691,0.1811917062491452,0.0,0.0,0.2282841355299628,3
0.0031007799721973,0.6987065380078532,0.4989297932426484,0.4989297932426484,0.4989297932426484,0.3483612237109706,0.3483612237109706,0.3483612237109706,0.3483552015770491,0.1495289042713433,0.1495289042713433,0.1545137264657007,0.0,0.0,0.2059449928336729,3
0.0031164049721973,0.7070694571599198,0.4989323302321802,0.4989323302321802,0.4989323302321802,0.3425252318243217,0.3425252318243217,0.3425252318243217,0.3425189732011984,0.1355670011287875,0.1355670011287875,0.1405078798476235,0.0,0.0,0.1942953186061946,3
0.0031320299721973,0.7074711452739506,0.4988998132973581,0.4988998132973581,0.4988998132973581,0.3422553163496492,0.3422553163496492,0.3422553163496492,0.3422490471642416,0.1349545345623511,0.1349545345623511,0.1396920600289394,0.0,0.0,0.1937842663638119,3
0.0031476549721973,0.6998961657009934,0.4988384693896677,0.4988384693896677,0.4988384693896677,0.3475635895632452,0.3475635895632452,0.3475635895632452,0.347557536151132,0.1477131990679513,0.1477131990679513,0.1521166686490789,0.0,0.0,0.2044299413217786,3
0.0031632799721973,0.6846356206579395,0.4987457060938989,0.4987457060938989,0.4987457060938989,0.3582443261744566,0.3582443261744566,0.3582443261744566,0.3582387065773937,0.173354605744157,0.173354605744157,0.177286393068294,0.0,0.0,0.2258248347591117,3
0.0031789049721973,0.6622759643325805,0.4986300107491646,0.4986300107491646,0.4986300107491646,0.373888791865003,0.373888791865003,0.373888791865003,0.373883807454177,0.2108913680100412,0.2108913680100412,0.2142506755758477,0.0,0.0,0.2571450856940317,3
0.0031945299721973,0.6336764657780609,0.4984909341397148,0.4984909341397148,0.4984909341397148,0.3938940663208691,0.3938940663208691,0.3938940663208691,0.3938898940578649,0.2588830452211521,0.2588830452211521,0.2615733645250487,0.0,0.0,0.2971888037052403,3
0.0032101549721973,0.5999361876850473,0.4983386892349291,0.4983386892349291,0.4983386892349291,0.4174930595260966,0.4174930595260966,0.4174930595260966,0.4174898451608192,0.3154831883363623,0.3154831883363623,0.317450503151745,0.0,0.0,0.3444153354162877,3
0.0032257799721973,0.5623517500188879,0.4981742852249398,0.4981742852249398,0.4981742852249398,0.4437771819552595,0.4437771819552595,0.4437771819552595,0.4437750344283572,0.3785189134372788,0.3785189134372788,0.379721076740443,0.0,0.0,0.397011647532171,3
0.0032414049721973,0.5223675016414981,0.4980088549055725,0.4980088549055725,0.4980088549055725,0.4717380322836681,0.4717380322836681,0.4717380322836681,0.4717370195345525,0.445565487527736,0.445565487527736,0.4460048603024014,0.0,0.0,0.452954572724522,3
0.0032570299721973,0.4815200147945958,0.4978439673331207,0.4978439673331207,0.4978439673331207,0.5002994158490678,0.5002994158490678,0.5002994158490678,0.500299562212411,0.5140487239061969,0.5140487239061969,0.5137426362250559,0.0,0.0,0.5100962347749844,3
0.0032726549721973,0.4413790354901717,0.4976907210595009,0.4976907210595009,0.4976907210595009,0.5283653989883053,0.5283653989883053,0.5283653989883053,0.5283666842496043,0.5813343988189993,0.5813343988189993,0.5803424633661028,0.0,0.0,0.5662386693731516,3
0.0032882799721973,0.4034871590515771,0.4975502694129083,0.4975502694129083,0.4975502694129083,0.5548557651995678,0.5548557651995678,0.5548557651995678,0.5548581253831213,0.6448392814384196,0.6448392814384196,0.6432344957330971,0.0,0.0,0.6192264536900682,3
0.0033039049721973,0.3693005490403367,0.4974327197152526,0.4974327197152526,0.4974327197152526,0.5787541506145101,0.5787541506145101,0.5787541506145101,0.5787574804289655,0.7021203203756604,0.7021203203756604,0.7000115860597295,0.0,0.0,0.6670211353557483,3
0.0033195299721973,0.3401329777071106,0.4973379053416482,0.4973379053416482,0.4973379053416482,0.5991405153022495,0.5991405153022495,0.5991405153022495,0.5991446722017372,0.7509788990836351,0.7509788990836351,0.7484827098954943,0.0,0.0,0.70778820921593,3
0.0033351549721973,0.3171053384608722,0.4972741282755497,0.4972741282755497,0.4972741282755497,0.6152330507355571,0.6152330507355571,0.6152330507355571,0.6152378603809705,0.7895346747904559,0.7895346747904559,0.7867936489202908,0.0,0.0,0.7399587406582446,3
0.0033507799721973,0.3011025705638055,0.4972392066430511,0.4972392066430511,0.4972392066430511,0.6264117093234297,0.6264117093234297,0.6264117093234297,0.6264169723006762,0.8163087719823763,0.8163087719823763,0.8134642051565258,0.0,0.0,0.7622987683503888,3
0.0033664049721973,0.2927396514117392,0.4972390898986258,0.4972390898986258,0.4972390898986258,0.6322485117293212,0.6322485117293212,0.6322485117293212,0.63225401119239,0.830269403288144,0.830269403288144,0.8274768324430101,0.0,0.0,0.7739473829314614,3
0.0033820299721973,0.2923379632977081,0.49726920030596,0.49726920030596,0.49726920030596,0.6325175501116923,0.6325175501116923,0.6325175501116923,0.6325230601380262,0.8308830089356579,0.8308830089356579,0.8282861478779153,0.0,0.0,0.7744593840373044,3
0.0033976549721973,0.2999129428706653,0.4973329379210796,0.4973329379210796,0.4973329379210796,0.627210078150131,0.627210078150131,0.627210078150131,0.6272153723988131,0.818122997025074,0.818122997025074,0.8158674564534876,0.0,0.0,0.7638125864055156,3
0.0034132799721973,0.3151734879137192,0.4974233210616661,0.4974233210616661,0.4974233210616661,0.6165284736786497,0.6165284736786497,0.6165284736786497,0.6165333341142307,0.7924828041923866,0.7924828041923866,0.7906920389416996,0.0,0.0,0.7424187041871215,3
0.0034289049721973,0.3375331442390789,0.4975413839055753,0.4975413839055753,0.4975413839055753,0.6008848000878907,0.6008848000878907,0.6008848000878907,0.6008890253319193,0.7549446205843483,0.7549446205843483,0.7537329114321668,0.0,0.0,0.7110972689112018,3
0.0034445299721973,0.3661326427935985,0.4976781064048499,0.4976781064048499,0.4976781064048499,0.5808786668892046,0.5808786668892046,0.5808786668892046,0.5808820799883112,0.7069542305189871,0.7069542305189871,0.7064052456000973,0.0,0.0,0.6710546232565775,3
0.0034601549721973,0.3998729208866123,0.4978326929257424,0.4978326929257424,0.4978326929257424,0.5572804567453549,0.5572804567453549,0.5572804567453549,0.5572829119404774,0.6503525934225836,0.6503525934225836,0.6505325890388549,0.0,0.0,0.6238268466200139,3
0.0034757799721973,0.4374573585527717,0.4979947685474761,0.4979947685474761,0.4979947685474761,0.5309954845778936,0.5309954845778936,0.5309954845778936,0.5309968729384766,0.5873182276250385,0.5873182276250385,0.5882576709737471,0.0,0.0,0.5712316670437434,3
0.0034914049721973,0.4774416069301617,0.4981625149208848,0.4981625149208848,0.4981625149208848,0.5030354083846733,0.5030354083846733,0.5030354083846733,0.5030356619602832,0.5202700879142417,0.5202700879142417,0.5219777752196753,0.0,0.0,0.5152874371753287,3
0.0035070299721973,0.5182890937770638,0.4983250995080621,0.4983250995080621,0.4983250995080621,0.4744731839741828,0.4744731839741828,0.4744731839741828,0.4744722784420943,0.4517882821342572,0.4517882821342572,0.4542362133679534,0.0,0.0,0.4581469671280222,3
0.0035226549721973,0.5584300730814865,0.4984806365905441,0.4984806365905441,0.4984806365905441,0.4464079661547505,0.4464079661547505,0.4464079661547505,0.4464059217166004,0.3845009706955866,0.3845009706955866,0.3876397491153152,0.0,0.0,0.4020031687151944,3
0.0035382799721973,0.5963219495200812,0.4986188103400031,0.4986188103400031,0.4986188103400031,0.4199167678812726,0.4199167678812726,0.4199167678812726,0.4199136485265444,0.3209975893579219,0.3209975893579219,0.3247444242735455,0.0,0.0,0.3490166353547212,3
0.0035539049721973,0.6305085595313215,0.4987386259141515,0.4987386259141515,0.4987386259141515,0.3960191390800476,0.3960191390800476,0.3960191390800476,0.3960150500854002,0.2637148434842744,0.2637148434842744,0.2679702330213473,0.0,0.0,0.3012205311486235,3
0.0035695299721973,0.6596761308645479,0.4988311871679691,0.4988311871679691,0.4988311871679691,0.3756319510043757,0.3756319510043757,0.3756319510043757,0.3756270349312831,0.2148578363563451,0.2148578363563451,0.2194962528031786,0.0,0.0,0.2604547668770197,3
0.0035851549721973,0.6827037701107864,0.4988972054869811,0.4988972054869811,0.4988972054869811,0.3595401635867531,0.3595401635867531,0.3595401635867531,0.3595345947578096,0.1763002835837112,0.1763002835837112,0.1811878028859554,0.0,0.0,0.2282827544030796,3
0.0036007799721973,0.6987065380078538,0.4989298984702377,0.4989298984702377,0.4989298984702377,0.3483606901780443,0.3483606901780443,0.3483606901780443,0.3483546680247617,0.1495278280884693,0.1495278280884693,0.154514775813916,0.0,0.0,0.2059440947799173,3
0.0036164049721973,0.7070694571599198,0.4989322321488258,0.4989322321488258,0.4989322321488258,0.3425246272963576,0.3425246272963576,0.3425246272963576,0.3425183686464223,0.1355653496753876,0.1355653496753876,0.1405042751146184,0.0,0.0,0.1942939407495533,3
0.0036320299721973,0.7074711452739506,0.49889991725993,0.49889991725993,0.49889991725993,0.3422547825542619,0.3422547825542619,0.3422547825542619,0.342248513349461,0.1349534558419182,0.1349534558419182,0.1396928298539038,0.0,0.0,0.1937833661937049,3
0.0036476549721973,0.699896165700993,0.4988383725611327,0.4988383725611327,0.4988383725611327,0.3475629856537331,0.3475629856537331,0.3475629856537331,0.3475569322148493,0.1477115505178826,0.1477115505178826,0.1521133271485334,0.0,0.0,0.2044285658869721,3
0.0036632799721973,0.6846356206579385,0.4987458088076955,0.4987458088076955,0.4987458088076955,0.3582437921220484,0.3582437921220484,0.3582437921220484,0.3582381725055709,0.1733535254485512,0.1733535254485512,0.1772869166074495,0.0,0.0,0.2258239332751383,3
0.0036789049721973,0.6622759643325795,0.4986299151593134,0.4986299151593134,0.4986299151593134,0.3738881885681783,0.3738881885681783,0.3738881885681783,0.3738832041306122,0.2108897214509418,0.2108897214509418,0.2142475660971723,0.0,0.0,0.2571437119202067,3
0.0036945299721973,0.6336764657780599,0.4984910356207646,0.4984910356207646,0.4984910356207646,0.3938935320170977,0.3938935320170977,0.3938935320170977,0.3938893597346675,0.2588819642149796,0.2588819642149796,0.2615736710849813,0.0,0.0,0.2971879016284172,3
0.0037101549721973,0.5999361876850462,0.4983385948678376,0.4983385948678376,0.4983385948678376,0.4174924568364745,0.4174924568364745,0.4174924568364745,0.4174892424444784,0.3154815429485323,0.3154815429485323,0.3174475981762649,0.0,0.0,0.3444139626199023,3
0.0037257799721973,0.5623517500188866,0.4981743854890617,0.4981743854890617,0.4981743854890617,0.4437766474057351,0.4437766474057351,0.4437766474057351,0.4437744998594041,0.3785178324988107,0.3785178324988107,0.3797211921616992,0.0,0.0,0.3970107455115082,3
0.0037414049721973,0.5223675016414967,0.4980087617455226,0.4980087617455226,0.4980087617455226,0.4717374301957781,0.4717374301957781,0.4717374301957781,0.4717364174199568,0.4455638425723245,0.4455638425723245,0.4460021355658601,0.0,0.0,0.4529532002894259,3
0.0037570299721973,0.4815200147945944,0.4978440663959338,0.4978440663959338,0.4978440663959338,0.5002988810590883,0.5002988810590883,0.5002988810590883,0.5002990274030082,0.5140476437372069,0.5140476437372069,0.5137425832916984,0.0,0.0,0.5100953333957723,3
0.0037726549721973,0.4413790354901717,0.4976906290909793,0.4976906290909793,0.4976906290909793,0.5283647974964919,0.5283647974964919,0.5283647974964919,0.5283660827310909,0.5813327536274957,0.5813327536274957,0.580339897472846,0.0,0.0,0.5662372967419078,3
0.0037882799721973,0.4034871590515771,0.4975503672898265,0.4975503672898265,0.4975503672898265,0.5548552301744161,0.5548552301744161,0.5548552301744161,0.5548575903385594,0.644838202674525,0.644838202674525,0.6432342945353876,0.0,0.0,0.6192255534822579,3
0.0038039049721973,0.3693005490403357,0.4974326289229465,0.4974326289229465,0.4974326289229465,0.5787535497134302,0.5787535497134302,0.5787535497134302,0.578756879501184,0.7021186743425084,0.7021186743425084,0.700009160144451,0.0,0.0,0.6670197620233145,3
0.0038195299721973,0.3401329777071097,0.4973380020478837,0.4973380020478837,0.4973380020478837,0.5991399800472955,0.5991399800472955,0.5991399800472955,0.5991441369273918,0.7509778223024666,0.7509778223024666,0.7484823781487622,0.0,0.0,0.7077873106611992,3
0.0038351549721973,0.3171053384608714,0.4972740386443446,0.4972740386443446,0.4972740386443446,0.6152324504198483,0.6152324504198483,0.6152324504198483,0.6152372600385522,0.7895330273643003,0.7895330273643003,0.7867913463475881,0.0,0.0,0.7399573661648589,3
0.0038507799721973,0.3011025705638049,0.497239302193623,0.497239302193623,0.497239302193623,0.6264111738437301,0.6264111738437301,0.6264111738437301,0.6264164368016106,0.8163076977097776,0.8163076977097776,0.8134637584812751,0.0,0.0,0.7622978718874074,3
0.0038664049721973,0.2927396514117391,0.4972390014136016,0.4972390014136016,0.4972390014136016,0.6322479119937339,0.6322479119937339,0.6322479119937339,0.6322534114300794,0.8302677539654958,0.8302677539654958,0.8274746385438247,0.0,0.0,0.7739460068572148,3
0.0038820299721973,0.2923379632977083,0.497269294715688,0.497269294715688,0.497269294715688,0.6325170144125567,0.6325170144125567,0.6325170144125567,0.6325225244195553,0.8308819376539922,0.8308819376539922,0.8282856000495841,0.0,0.0,0.7744584900682119,3
0.0038976549721973,0.2999129428706657,0.4973328505675125,0.4973328505675125,0.4973328505675125,0.6272094789894951,0.6272094789894951,0.6272094789894951,0.6272147732114353,0.8181213453440129,0.8181213453440129,0.8158653582921436,0.0,0.0,0.7638112083652524,3
0.0039132799721973,0.31517348791372,0.4974234143451821,0.4974234143451821,0.4974234143451821,0.6165279377649754,0.6165279377649754,0.6165279377649754,0.6165327981812572,0.7924817363441685,0.7924817363441685,0.7906914021071937,0.0,0.0,0.7424178130809298,3
0.0039289049721973,0.3375331442390789,0.4975412976689304,0.4975412976689304,0.4975412976689304,0.6008842014970162,0.6008842014970162,0.6008842014970162,0.6008884267142794,0.7549429661190576,0.7549429661190576,0.7537308976009685,0.0,0.0,0.7110958885498853,3
0.0039445299721973,0.3661326427935985,0.4976781985765943,0.4976781985765943,0.4976781985765943,0.580878130766043,0.580878130766043,0.580878130766043,0.5808815438458906,0.7069531665133901,0.7069531665133901,0.7064045304719648,0.0,0.0,0.6710537353544708,3
0.0039601549721973,0.3998729208866122,0.4978326077916737,0.4978326077916737,0.4978326077916737,0.5572798587190981,0.5572798587190981,0.5572798587190981,0.5572823138874269,0.6503509357789559,0.6503509357789559,0.650530649477502,0.0,0.0,0.6238254636089264,3
0.0039757799721973,0.437457358552773,0.4979948596217021,0.4979948596217021,0.4979948596217021,0.530994948250116,0.530994948250116,0.530994948250116,0.530996336591485,0.5873171678413897,0.5873171678413897,0.5882568869991477,0.0,0.0,0.571230782662103,3
0.0039914049721973,0.477441606930163,0.4981624308752339,0.4981624308752339,0.4981624308752339,0.5030348109181025,0.5030348109181025,0.5030348109181025,0.5030350644668862,0.5202684267259314,0.5202684267259314,0.5219759010559186,0.0,0.0,0.515286051208947,3
0.0040070299721973,0.5182890937770668,0.4983251894988383,0.4983251894988383,0.4983251894988383,0.4744726474466154,0.4744726474466154,0.4744726474466154,0.4744717418953618,0.4517872269264149,0.4517872269264149,0.4542353688789287,0.0,0.0,0.4581460865619487,3
0.0040226549721973,0.5584300730814894,0.4984805536193328,0.4984805536193328,0.4984805536193328,0.4464073692428464,0.4464073692428464,0.4464073692428464,0.4464053247778339,0.3844993056196544,0.3844993056196544,0.3876379325236531,0.0,0.0,0.4020017795075224,3
0.0040382799721973,0.5963219495200837,0.4986188992612157,0.4986188992612157,0.4986188992612157,0.4199162311587949,0.4199162311587949,0.4199162311587949,0.4199131117849545,0.3209965390579789,0.3209965390579789,0.3247435266192837,0.0,0.0,0.3490157588811189,3
0.0040539049721973,0.6305085595313239,0.4987385440035838,0.4987385440035838,0.4987385440035838,0.3960185427180034,0.3960185427180034,0.3960185427180034,0.3960144536964535,0.2637131741986059,0.2637131741986059,0.2679684670997133,0.0,0.0,0.3012191384310796,3
0.0040695299721973,0.6596761308645498,0.498831275033325,0.498831275033325,0.498831275033325,0.3756314140916896,0.3756314140916896,0.3756314140916896,0.3756264979995411,0.2148567912770128,0.2148567912770128,0.2194953084657964,0.0,0.0,0.2604538947566803,3
0.0040851549721973,0.6827037701107879,0.498897124623443,0.498897124623443,0.498897124623443,0.3595395677696741,0.3595395677696741,0.3595395677696741,0.3595339989137845,0.1762986097835257,0.1762986097835257,0.1811860815457673,0.0,0.0,0.2282813579215011,3
0.0041007799721973,0.6987065380078541,0.4989299852932647,0.4989299852932647,0.4989299852932647,0.3483601530797728,0.3483601530797728,0.3483601530797728,0.3483541309074937,0.1495267885260509,0.1495267885260509,0.1545137905113668,0.0,0.0,0.2059432272599737,3
0.0041164049721973,0.70706945715992,0.4989321523188748,0.4989321523188748,0.4989321523188748,0.3425240320194941,0.3425240320194941,0.3425240320194941,0.3425177733425657,0.1355636710711917,0.1355636710711917,0.1405025929848856,0.0,0.0,0.1942925402625403,3
0.0041320299721973,0.7074711452739506,0.4989000030539832,0.4989000030539832,0.4989000030539832,0.3422542452750157,0.3422542452750157,0.3422542452750157,0.3422479760512815,0.1349524220790238,0.1349524220790238,0.1396918086308013,0.0,0.0,0.1937825035097631,3
0.0041476549721973,0.699896165700993,0.4988382937515045,0.4988382937515045,0.4988382937515045,0.3475623909124135,0.3475623909124135,0.3475623909124135,0.3475563374464865,0.1477098668331306,0.1477098668331306,0.152111679490801,0.0,0.0,0.2044271611638727,3
0.0041632799721973,0.6846356206579385,0.4987458935859519,0.4987458935859519,0.4987458935859519,0.3582432546665259,0.3582432546665259,0.3582432546665259,0.3582376350311811,0.1733524977561953,0.1733524977561953,0.1772858639148291,0.0,0.0,0.2258230756532468,3
0.0041789049721973,0.6622759643325786,0.4986298373569129,0.4986298373569129,0.4986298373569129,0.3738875943579093,0.3738875943579093,0.3738875943579093,0.373882609893247,0.210888032420166,0.210888032420166,0.2142459487307279,0.0,0.0,0.2571423027396493,3
0.0041945299721973,0.6336764657780587,0.498491119396236,0.498491119396236,0.498491119396236,0.3938929943897868,0.3938929943897868,0.3938929943897868,0.3938888220885586,0.2588809428539517,0.2588809428539517,0.2615725908501603,0.0,0.0,0.2971870492860382,3
0.0042101549721973,0.5999361876850448,0.4983385180597399,0.4983385180597399,0.4983385180597399,0.4174918631526084,0.4174918631526084,0.4174918631526084,0.41748864873346,0.3154798483147865,0.3154798483147865,0.3174460074112986,0.0,0.0,0.3444125487676533,3
0.0042257799721973,0.5623517500188853,0.498174468274589,0.498174468274589,0.498174468274589,0.4437761096109794,0.4437761096109794,0.4437761096109794,0.4437739620459222,0.3785168177213823,0.3785168177213823,0.3797200878503228,0.0,0.0,0.3970098986590447,3
0.0042414049721973,0.5223675016414951,0.4980086859189727,0.4980086859189727,0.4980086859189727,0.4717368370337446,0.4717368370337446,0.4717368370337446,0.4717358242307123,0.4455621420863031,0.4455621420863031,0.4460005681459058,0.0,0.0,0.4529517815575408,3
0.0042570299721973,0.4815200147945929,0.4978441482041917,0.4978441482041917,0.4978441482041917,0.5002983431012856,0.5002983431012856,0.5002983431012856,0.5002984894265543,0.5140466357892448,0.5140466357892448,0.5137414579630531,0.0,0.0,0.5100944922382051,3
0.0042726549721973,0.4413790354901704,0.497690554233384,0.497690554233384,0.497690554233384,0.5283642048518653,0.5283642048518653,0.5283642048518653,0.5283654900591912,0.5813310470461687,0.5813310470461687,0.5803383505234787,0.0,0.0,0.5662358729276957,3
0.0042882799721973,0.403487159051576,0.4975504481333237,0.4975504481333237,0.4975504481333237,0.5548546920579537,0.5548546920579537,0.5548546920579537,0.5548570522035232,0.6448372017964019,0.6448372017964019,0.643233150890215,0.0,0.0,0.6192247182201145,3
0.0043039049721973,0.3693005490403357,0.4974325550218772,0.4974325550218772,0.4974325550218772,0.5787529575818954,0.5787529575818954,0.5787529575818954,0.5787562873423115,0.7021169614277343,0.7021169614277343,0.7000076311278637,0.0,0.0,0.6670183329282338,3
0.0043195299721973,0.3401329777071097,0.4973380819389699,0.4973380819389699,0.4973380819389699,0.5991394417764169,0.5991394417764169,0.5991394417764169,0.5991435986380196,0.7509768287301946,0.7509768287301946,0.7484812185717337,0.0,0.0,0.7077864814912675,3
0.0043351549721973,0.3171053384608707,0.4972739656875342,0.4972739656875342,0.4972739656875342,0.6152318587970016,0.6152318587970016,0.6152318587970016,0.6152366683883007,0.7895313078814025,0.7895313078814025,0.786789833022366,0.0,0.0,0.7399559315931898,3
0.0043507799721973,0.3011025705638046,0.4972393811444862,0.4972393811444862,0.4972393811444862,0.6264106354226338,0.6264106354226338,0.6264106354226338,0.6264158983621039,0.8163067116762411,0.8163067116762411,0.813462585078639,0.0,0.0,0.7622970490038135,3
0.0043664049721973,0.2927396514117389,0.4972389293889421,0.4972389293889421,0.4972389293889421,0.632247320875282,0.632247320875282,0.632247320875282,0.632252820284153,0.8302660276826852,0.8302660276826852,0.8274731389301699,0.0,0.0,0.7739445666156322,3
0.0043820299721973,0.2923379632977084,0.497269372738359,0.497269372738359,0.497269372738359,0.6325164758453643,0.6325164758453643,0.6325164758453643,0.6325219858340383,0.8308809593895596,0.8308809593895596,0.8282844146819047,0.0,0.0,0.7744576736631341,3
0.0043976549721973,0.2999129428706659,0.497332779463052,0.497332779463052,0.497332779463052,0.6272088883711561,0.6272088883711561,0.6272088883711561,0.6272141825655491,0.8181196120311077,0.8181196120311077,0.8158638706404417,0.0,0.0,0.7638097622618862,3
0.0044132799721973,0.3151734879137207,0.4974234914515354,0.4974234914515354,0.4974234914515354,0.6165273990557653,0.6165273990557653,0.6165273990557653,0.6165322594538105,0.7924807660778675,0.7924807660778675,0.7906902064188119,0.0,0.0,0.742417003345367,3
0.0044289049721973,0.3375331442390797,0.4975412274728721,0.4975412274728721,0.4975412274728721,0.6008836113746511,0.6008836113746511,0.6008836113746511,0.6008878365642919,0.7549412255474096,0.7549412255474096,0.7537294203651415,0.0,0.0,0.7110944363939222,3
0.0044445299721973,0.3661326427935996,0.4976782747783499,0.4976782747783499,0.4976782747783499,0.5808775919188819,0.5808775919188819,0.5808775919188819,0.5808810049805839,0.7069522044735899,0.7069522044735899,0.7064033259166422,0.0,0.0,0.671052932478932,3
0.0044601549721973,0.3998729208866135,0.4978325384923736,0.4978325384923736,0.4978325384923736,0.5572792690885784,0.5572792690885784,0.5572792690885784,0.5572817242292072,0.6503491877198199,0.6503491877198199,0.6505291812899795,0.0,0.0,0.6238240052097495,3
0.0044757799721973,0.4374573585527729,0.4979949349304298,0.4979949349304298,0.4979949349304298,0.5309944092690277,0.5309944092690277,0.5309944092690277,0.530995797592345,0.5873162142567095,0.5873162142567095,0.588255674862914,0.0,0.0,0.5712299868371171,3
0.0044914049721973,0.4774416069301629,0.4981623624611986,0.4981623624611986,0.4981623624611986,0.5030342217754098,0.5030342217754098,0.5030342217754098,0.5030344752964128,0.5202666709506143,0.5202666709506143,0.5219744407071653,0.0,0.0,0.5152845863757942,3
0.0045070299721973,0.5182890937770667,0.4983252639259561,0.4983252639259561,0.4983252639259561,0.4744721083355801,0.4744721083355801,0.4744721083355801,0.4744712027663709,0.4517862820258955,0.4517862820258955,0.4542341502996407,0.0,0.0,0.4581452979785649,3
0.0045226549721973,0.5584300730814892,0.4984804860792176,0.4984804860792176,0.4984804860792176,0.4464067805839722,0.4464067805839722,0.4464067805839722,0.4464047360910961,0.384497541898437,0.384497541898437,0.3876364789429053,0.0,0.0,0.4020003080488056,3
0.0045382799721973,0.5963219495200833,0.4986189728179959,0.4986189728179959,0.4986189728179959,0.4199156919216503,0.4199156919216503,0.4199156919216503,0.419912572529953,0.3209956030716367,0.3209956030716367,0.3247423026042414,0.0,0.0,0.3490149777311744,3
0.0045539049721973,0.6305085595313239,0.4987384773261936,0.4987384773261936,0.4987384773261936,0.3960179545389165,0.3960179545389165,0.3960179545389165,0.3960138654894171,0.2637114023001174,0.2637114023001174,0.2679670193383426,0.0,0.0,0.3012176601538783,3
0.0045695299721973,0.6596761308645498,0.498831347730893,0.498831347730893,0.498831347730893,0.3756308747322955,0.3756308747322955,0.3756308747322955,0.3756259586223918,0.2148558644367811,0.2148558644367811,0.2194940799076899,0.0,0.0,0.2604531212335497,3
0.0045851549721973,0.6827037701107879,0.4988970587977235,0.4988970587977235,0.4988970587977235,0.3595389800665189,0.3595389800665189,0.3595389800665189,0.3595334111825914,0.1762968294748605,0.1762968294748605,0.1811846387632978,0.0,0.0,0.228279872631559,3
0.0046007799721973,0.6987065380078541,0.4989300571425996,0.4989300571425996,0.4989300571425996,0.3483596136019134,0.3483596136019134,0.3483596136019134,0.3483535914119834,0.1495258710658614,0.1495258710658614,0.1545125582016176,0.0,0.0,0.2059424615587526,3
0.0046164049721973,0.70706945715992,0.4989320873339169,0.4989320873339169,0.4989320873339169,0.3425234447883586,0.3425234447883586,0.3425234447883586,0.3425171860833013,0.1355618821167844,0.1355618821167844,0.1405011544354462,0.0,0.0,0.1942910477634369,3
0.0046320299721973,0.7074711452739506,0.4989000740659248,0.4989000740659248,0.4989000740659248,0.3422537056824325,0.3422537056824325,0.3422537056824325,0.3422474364411541,0.1349515142353935,0.1349515142353935,0.1396905732717873,0.0,0.0,0.1937817458276837,3
0.0046476549721973,0.699896165700993,0.4988382295965405,0.4988382295965405,0.4988382295965405,0.3475618041494953,0.3475618041494953,0.3475618041494953,0.3475557506553452,0.147708068994838,0.147708068994838,0.1521102445122705,0.0,0.0,0.2044256612570189,3
0.0046632799721973,0.6846356206579385,0.4987459637712002,0.4987459637712002,0.4987459637712002,0.3582427149627842,0.3582427149627842,0.3582427149627842,0.3582370953100051,0.1733515997682476,0.1733515997682476,0.1772846261301919,0.0,0.0,0.2258223261897318,3
0.0046789049721973,0.6622759643325788,0.4986297740213157,0.4986297740213157,0.4986297740213157,0.3738870080592821,0.3738870080592821,0.3738870080592821,0.3738820235663002,0.2108862254563316,0.2108862254563316,0.2142445167341627,0.0,0.0,0.2571407952235171,3
0.0046945299721973,0.6336764657780588,0.4984911887653496,0.4984911887653496,0.4984911887653496,0.3938924545785424,0.3938924545785424,0.3938924545785424,0.3938882822599922,0.2588800549644092,0.2588800549644092,0.2615713511948029,0.0,0.0,0.2971863082435323,3
0.0047101549721973,0.5999361876850448,0.4983384555330183,0.4983384555330183,0.4983384555330183,0.4174912773146877,0.4174912773146877,0.4174912773146877,0.4174880628671202,0.3154780319810418,0.3154780319810418,0.3174445778732531,0.0,0.0,0.3444110334384178,3
0.0047257799721973,0.5623517500188853,0.4981745368379915,0.4981745368379915,0.4981745368379915,0.4437755696958783,0.4437755696958783,0.4437755696958783,0.4437734221136146,0.3785159401767929,0.3785159401767929,0.3797188468186184,0.0,0.0,0.3970091662430854,3
0.0047414049721973,0.5223675016414953,0.4980086241907715,0.4980086241907715,0.4980086241907715,0.4717362516527893,0.4717362516527893,0.4717362516527893,0.4717352388212354,0.4455603161339417,0.4455603161339417,0.4459991405993684,0.0,0.0,0.4529502582078193,3
0.0047570299721973,0.481520014794593,0.4978442159721714,0.4978442159721714,0.4978442159721714,0.5002978030858654,0.5002978030858654,0.5002978030858654,0.5002979493940456,0.5140457688398078,0.5140457688398078,0.5137402159956419,0.0,0.0,0.5100937686574838,3
0.0047726549721973,0.4413790354901705,0.4976904932934833,0.4976904932934833,0.4976904932934833,0.5283636199243095,0.5283636199243095,0.5283636199243095,0.5283649051030087,0.5813292112226459,0.5813292112226459,0.580336924551793,0.0,0.0,0.5662343413469637,3
0.0047882799721973,0.403487159051576,0.4975505151160355,0.4975505151160355,0.4975505151160355,0.5548541519456761,0.5548541519456761,0.5548541519456761,0.5548565120742783,0.6448363456965815,0.6448363456965815,0.6432319083807894,0.0,0.0,0.619224003686782,3
0.0048039049721973,0.3693005490403357,0.4974324948601878,0.4974324948601878,0.4974324948601878,0.5787523731040495,0.5787523731040495,0.5787523731040495,0.5787557028357306,0.7021151154759705,0.7021151154759705,0.7000062063582652,0.0,0.0,0.6670167929019943,3
0.0048195299721973,0.3401329777071097,0.4973381481464369,0.4973381481464369,0.4973381481464369,0.5991389015706682,0.5991389015706682,0.5991389015706682,0.5991430584154276,0.7509759837387482,0.7509759837387482,0.7484799758724755,0.0,0.0,0.7077857762211588,3
0.0048351549721973,0.3171053384608707,0.4972739062940983,0.4972739062940983,0.4972739062940983,0.6152312747654171,0.6152312747654171,0.6152312747654171,0.61523608432787,0.7895294515399642,0.7895294515399642,0.7867884091210728,0.0,0.0,0.7399543829034858,3
0.0048507799721973,0.3011025705638046,0.4972394465866028,0.4972394465866028,0.4972394465866028,0.6264100951269246,0.6264100951269246,0.6264100951269246,0.6264153580496784,0.8163058780571318,0.8163058780571318,0.8134613425058856,0.0,0.0,0.7622963532170608,3
0.0048664049721973,0.2927396514117389,0.497238870753931,0.497238870753931,0.497238870753931,0.6322467372863866,0.6322467372863866,0.6322467372863866,0.6322522366662976,0.8302641606848755,0.8302641606848755,0.8274717155970546,0.0,0.0,0.7739430090401038,3
0.0048820299721973,0.2923379632977085,0.4972694374248916,0.4972694374248916,0.4972694374248916,0.6325159354629304,0.6325159354629304,0.6325159354629304,0.6325214454350184,0.8308801374112909,0.8308801374112909,0.828283172519649,0.0,0.0,0.7744569875835783,3
0.0048976549721973,0.2999129428706665,0.4973327215767642,0.4973327215767642,0.4973327215767642,0.6272083052215189,0.6272083052215189,0.6272083052215189,0.6272135993868345,0.8181177341055725,0.8181177341055725,0.8158624476056833,0.0,0.0,0.7638081955741018,3
0.0049132799721973,0.315173487913722,0.4974235553921211,0.4974235553921211,0.4974235553921211,0.6165268585900661,0.6165268585900661,0.6165268585900661,0.6165317189716588,0.7924799560146785,0.7924799560146785,0.7906889649235792,0.0,0.0,0.7424163272017441,3
0.0049289049721973,0.3375331442390816,0.4975411703257313,0.4975411703257313,0.4975411703257313,0.600883028660983,0.600883028660983,0.600883028660983,0.6008872538214257,0.7549393364173289,0.7549393364173289,0.75372799738501,0.0,0.0,0.7110928603631894,3
0.0049445299721973,0.3661326427936018,0.4976783379825042,0.4976783379825042,0.4976783379825042,0.5808770513732028,0.5808770513732028,0.5808770513732028,0.5808804644185886,0.7069514066049657,0.7069514066049657,0.7064020853202098,0.0,0.0,0.6710522665042702,3
0.0049601549721973,0.3998729208866161,0.4978324820749273,0.4978324820749273,0.4978324820749273,0.5572786868075321,0.5572786868075321,0.5572786868075321,0.557281141918839,0.6503472871028376,0.6503472871028376,0.6505277581437418,0.0,0.0,0.6238224196005306,3
0.0049757799721973,0.4374573585527757,0.4979949974075435,0.4979949974075435,0.4979949974075435,0.5309938686465459,0.5309938686465459,0.5309938686465459,0.5309952569536865,0.5873154288674807,0.5873154288674807,0.588254435375248,0.0,0.0,0.5712293312690448,3
0.0049914049721973,0.4774416069301659,0.4981623067641183,0.4981623067641183,0.4981623067641183,0.5030336399235135,0.5030336399235135,0.5030336399235135,0.5030338934150678,0.5202647585580822,0.5202647585580822,0.5219730171936918,0.0,0.0,0.515282990947391,3
0.005,0.4999045542858289,0.4982517112974847,0.4982517112974847,0.4982517112974847,0.4873260734591774,0.4873260734591774,0.4873260734591774,0.4873256895424419,0.4826067254938689,0.4826067254938689,0.4847207040371024,0.0,0.0,0.4838615384154082,3
