TIME1,V1,V2,V3,V4,V5,V6,V7,V8,V9,V14,V10,V11,V12,V13
0.0,1.62,1.6183075931279718,1.6183075931279718,1.6183075931279718,1.6064053551665791,1.6064053551665791,1.6064053551665791,1.6064053870293569,1.596177336215334,1.596177336215334,1.5961773361339289,1.62,1.62,1.6080875539438828
1e-07,1.6206283183653514,1.6183169914505044,1.6183169914505044,1.6183169914505044,1.6063528616407063,1.6063528616407063,1.6063528616407063,1.6063528926893156,1.596012007596488,1.596012007596488,1.596128667126321,1.62,1.62,1.6080049047126137
2e-07,1.621256635738502,1.618317618218775,1.618317618218775,1.618317618218775,1.6062907195734022,1.6062907195734022,1.6062907195734022,1.6062907509781792,1.5959141189004002,1.5959141189004002,1.5960655089551934,1.62,1.62,1.6079559537696748
4e-07,1.6225132635394095,1.6183178891211707,1.6183178891211707,1.6183178891211707,1.6061653553641175,1.6061653553641175,1.6061653553641175,1.6061653863611731,1.5956331705034268,1.5956331705034268,1.595893672431982,1.62,1.62,1.6078154871236063
8e-07,1.625026463578365,1.618318027386683,1.618318027386683,1.618318027386683,1.6059141893706907,1.6059141893706907,1.6059141893706907,1.605914221086395,1.595184094723967,1.595184094723967,1.5954524262189598,1.62,1.62,1.607590935929082
1.6e-06,1.6300524191627288,1.618318627060655,1.618318627060655,1.618318627060655,1.6054122603352847,1.6054122603352847,1.6054122603352847,1.605412291089915,1.5941089983955463,1.5941089983955463,1.5944446041266729,1.62,1.62,1.6070534055704262
3.2e-06,1.6401007746814766,1.618319531818405,1.618319531818405,1.618319531818405,1.6044084459585717,1.6044084459585717,1.6044084459585717,1.604408477732314,1.592176879130501,1.592176879130501,1.592441464074867,1.62,1.62,1.606087327080147
6.4e-06,1.6601690500666972,1.6183216037966155,1.6183216037966155,1.6183216037966155,1.6024039981354532,1.6024039981354532,1.6024039981354532,1.6024040286525765,1.5880748113815368,1.5880748113815368,1.5884136440608043,1.62,1.62,1.6040363165068956
1.24799999999e-05,1.698093113473714,1.618325269250171,1.618325269250171,1.618325269250171,1.598615992679315,1.598615992679315,1.598615992679315,1.5986160235999909,1.580528633141876,1.580528633141876,1.5808260811793238,1.62,1.62,1.6002632199705145
2.46399999999e-05,1.7723556843138335,1.618332363925754,1.618332363925754,1.618332363925754,1.5911989648930964,1.5911989648930964,1.5911989648930964,1.591198995410559,1.5656645456234006,1.5656645456234006,1.5659536450680025,1.62,1.62,1.5928311837895852
4.02649999999e-05,1.8623345880280056,1.6183406027822658,1.6183406027822658,1.6183406027822658,1.5822132566800595,1.5822132566800595,1.5822132566800595,1.5822132867624907,1.5476607076430422,1.5476607076430422,1.5479269410107208,1.62,1.62,1.58382927299053
5.58899999999e-05,1.9430007094270645,1.6183474399618605,1.6183474399618605,1.6183474399618605,1.574158637331814,1.574158637331814,1.574158637331814,1.57415866704277,1.5315237764383176,1.5315237764383176,1.5317537619250112,1.62,1.62,1.5757608143883153
7.1515e-05,2.0112540947037254,1.6183529412826811,1.6183529412826811,1.6183529412826811,1.5673449943378466,1.5673449943378466,1.5673449943378466,1.5673450237570214,1.5178747291814243,1.5178747291814243,1.51806474449633,1.62,1.62,1.5689362962655171
8.714e-05,2.0644718045387465,1.6183565017709454,1.6183565017709454,1.6183565017709454,1.562033739017615,1.562033739017615,1.562033739017615,1.5620337682421634,1.5072376877633034,1.5072376877633034,1.5073756313868796,1.62,1.62,1.5636177792404045
0.000102765,2.1006087121880035,1.6183583774093775,1.6183583774093775,1.6183583774093775,1.5584294117826751,1.5584294117826751,1.5584294117826751,1.5584294409108224,1.5000218165202894,1.5000218165202894,1.5001068893781468,1.62,1.62,1.5600098454582412
0.00011839,2.1182760965563463,1.6183581040567931,1.6183581040567931,1.6183581040567931,1.5566700933973423,1.5566700933973423,1.5566700933973423,1.5566701225375763,1.4965040402966707,1.4965040402966707,1.4965287503173914,1.62,1.62,1.5582509571488952
0.000134015,2.116795009970483,1.6183560835344946,1.6183560835344946,1.6183560835344946,1.5568238236858167,1.5568238236858167,1.5568238236858167,1.556823852939464,1.49681990938581,1.49681990938581,1.496787267491889,1.62,1.62,1.558408889590897
0.0001496399999999,2.096222369757305,1.6183520029164853,1.6183520029164853,1.6183520029164853,1.558884265006376,1.558884265006376,1.558884265006376,1.5588842944772312,1.5009569312221318,1.5009569312221318,1.5008644776325215,1.62,1.62,1.5604773964558265
0.000165265,2.0573487709429363,1.618346408853061,1.618346408853061,1.618346408853061,1.562772664329864,1.562772664329864,1.562772664329864,1.562772694106428,1.508756464792543,1.508756464792543,1.5086112353083632,1.62,1.62,1.5643771575212564
0.00018089,2.0016681041292466,1.618339127223679,1.618339127223679,1.618339127223679,1.568339164401673,1.568339164401673,1.568339164401673,1.5683391945677556,1.5199184448639649,1.5199184448639649,1.5197227549913932,1.62,1.62,1.569958140259947
0.000196515,1.9313201461158085,1.61833082622122,1.61833082622122,1.61833082622122,1.5753702747032423,1.5753702747032423,1.5753702747032423,1.5753703053205248,1.534014246122127,1.534014246122127,1.5337786776425562,1.62,1.62,1.577006032427926
0.00021214,1.8490083294774893,1.6183214372160162,1.6183214372160162,1.6183214372160162,1.583595366971032,1.583595366971032,1.583595366971032,1.5835953980911104,1.5505018592017668,1.5505018592017668,1.550232595012864,1.62,1.62,1.5852498295331097
0.000227765,1.757895851166701,1.6183117079272298,1.6183117079272298,1.6183117079272298,1.5926987808746194,1.5926987808746194,1.5926987808746194,1.5926988125224255,1.5687479809169125,1.5687479809169125,1.5684580585642631,1.62,1.62,1.5943728804811763
0.00024339,1.6614841126284603,1.6183016260667122,1.6183016260667122,1.6183016260667122,1.602330252283715,1.602330252283715,1.602330252283715,1.6023302844713248,1.588051123142974,1.588051123142974,1.5877491633733465,1.62,1.62,1.6040244414531772
0.000259015,1.563478162906467,1.618291964532078,1.618291964532078,1.618291964532078,1.6121200729141227,1.6121200729141227,1.6121200729141227,1.612120105625368,1.607669768749843,1.607669768749843,1.6073697377419711,1.62,1.62,1.613833754412605
0.00027464,1.467644315686166,1.61828270987335,1.61828270987335,1.61828270987335,1.6216916019961882,1.6216916019961882,1.6216916019961882,1.6216916352023452,1.6268496980975218,1.6268496980975218,1.6265609129783312,1.62,1.62,1.6234237097776372
0.000290265,1.377665411971994,1.618274601762956,1.618274601762956,1.618274601762956,1.6306774332157756,1.6306774332157756,1.6306774332157756,1.630677466861472,1.6448541161250294,1.6448541161250294,1.644589747585508,1.62,1.62,1.6324259105168557
0.00030589,1.2969992905729355,1.6182675684843648,1.6182675684843648,1.6182675684843648,1.6387318242391995,1.6387318242391995,1.6387318242391995,1.6387318582598585,1.6609908491626046,1.6609908491626046,1.6607591154562893,1.62,1.62,1.640494269970905
0.000321515,1.2287459052962744,1.6182622629185373,1.6182622629185373,1.6182622629185373,1.645545669949665,1.645545669949665,1.645545669949665,1.6455457042585595,1.6746400391418503,1.6746400391418503,1.6744516633991076,1.62,1.62,1.6473188595205142
0.00033714,1.175528195461253,1.6182585070682296,1.6182585070682296,1.6182585070682296,1.650856697760046,1.650856697760046,1.650856697760046,1.6508567322671628,1.685276891971592,1.685276891971592,1.685137411688287,1.62,1.62,1.652637282184849
0.000352765,1.1393912878119965,1.618256826450714,1.618256826450714,1.618256826450714,1.654461226907955,1.654461226907955,1.654461226907955,1.654461261507829,1.69249289697316,1.69249289697316,1.6924092649899505,1.62,1.62,1.6562452829138636
0.00036839,1.121723903443654,1.6182569051724514,1.6182569051724514,1.6182569051724514,1.6562203185914408,1.6562203185914408,1.6562203185914408,1.6562203531829145,1.6960104930247024,1.6960104930247024,1.695984432961469,1.62,1.62,1.6580040810688348
0.000384015,1.1232049900295171,1.6182591199873249,1.6182591199873249,1.6182591199873249,1.656066789418352,1.656066789418352,1.656066789418352,1.6560668238926834,1.695694749821646,1.695694749821646,1.6957286573178882,1.62,1.62,1.6578462116389272
0.00039964,1.1437776302426954,1.6182630066999717,1.6182630066999717,1.6182630066999717,1.654006122197776,1.654006122197776,1.654006122197776,1.6540061564586646,1.6915575552030306,1.6915575552030306,1.6916488233673683,1.62,1.62,1.655777618313236
0.000415265,1.1826512290570643,1.6182687943333152,1.6182687943333152,1.6182687943333152,1.6501179231990557,1.6501179231990557,1.6501179231990557,1.6501179571504347,1.6837581406125544,1.6837581406125544,1.6839044810881378,1.62,1.62,1.6518779168080835
0.00043089,1.2383318958707543,1.6182758827771564,1.6182758827771564,1.6182758827771564,1.6445511980233474,1.6445511980233474,1.6445511980233474,1.644551231589039,1.6725959942430637,1.6725959942430637,1.6727906439032605,1.62,1.62,1.646296850849336
0.000446515,1.308679853884193,1.618284376632518,1.618284376632518,1.618284376632518,1.6375202872618675,1.6375202872618675,1.6375202872618675,1.6375203203724982,1.6585003059109138,1.6585003059109138,1.6587368489946763,1.62,1.62,1.6392490152159258
0.00046214,1.390991670522512,1.618293573166388,1.618293573166388,1.618293573166388,1.6292949706797897,1.6292949706797897,1.6292949706797897,1.6292950032915103,1.642012532213816,1.642012532213816,1.6422808842884329,1.62,1.62,1.6310051377300898
0.000477765,1.4821041488333004,1.618303494596652,1.618303494596652,1.618303494596652,1.6201917555377774,1.6201917555377774,1.6201917555377774,1.6201917876178582,1.6237665181258838,1.6237665181258838,1.6240572947688872,1.62,1.62,1.621882140668015
0.00049339,1.5785158873715404,1.618313384694474,1.618313384694474,1.618313384694474,1.610560060597955,1.610560060597955,1.610560060597955,1.610560092142165,1.6044632202536546,1.6044632202536546,1.60476438091178,1.62,1.62,1.6122305018001204
0.000509015,1.6765218370935342,1.618323237664706,1.618323237664706,1.618323237664706,1.6007704379565428,1.6007704379565428,1.6007704379565428,1.600770468973164,1.584844677642342,1.584844677642342,1.5851454568034535,1.62,1.62,1.6024212404116334
0.00052464,1.7723556843138348,1.6183323012638555,1.6183323012638555,1.6183323012638555,1.5911986861210388,1.5911986861210388,1.5911986861210388,1.591198716646718,1.5656645969910856,1.5656645969910856,1.5659526826875818,1.62,1.62,1.592831209321324
0.000540265,1.8623345880280076,1.6183406001094658,1.6183406001094658,1.6183406001094658,1.5822130521240243,1.5822130521240243,1.5822130521240243,1.5822130822061775,1.5476602779187365,1.5476602779187365,1.5479253009780902,1.62,1.62,1.5838290581335026
0.00055589,1.9430007094270656,1.618347443026121,1.618347443026121,1.618347443026121,1.5741584391185213,1.5741584391185213,1.5741584391185213,1.5741584688297112,1.5315233973641358,1.5315233973641358,1.5317545195938371,1.62,1.62,1.5757606248469012
0.000571515,2.0112540947037263,1.618352938632235,1.618352938632235,1.618352938632235,1.5673447898702488,1.5673447898702488,1.5673447898702488,1.5673448192891888,1.5178743028233994,1.5178743028233994,1.5180632504805829,1.62,1.62,1.5689360830908254
0.00058714,2.064471804538748,1.6183565048128197,1.6183565048128197,1.6183565048128197,1.562033540843334,1.562033540843334,1.562033540843334,1.562033570068076,1.5072373057707258,1.5072373057707258,1.507376252166712,1.62,1.62,1.5636175882405383
0.000602765,2.100608712188004,1.6183583747810977,1.6183583747810977,1.6183583747810977,1.558429207403049,1.558429207403049,1.558429207403049,1.558429236530999,1.5000213931545072,1.5000213931545072,1.500105524173147,1.62,1.62,1.5600096337789284
0.00061839,2.1182760965563463,1.6183581070764674,1.6183581070764674,1.6183581070764674,1.5566698952623104,1.5566698952623104,1.5566698952623104,1.5566699244027022,1.4965036557364872,1.4965036557364872,1.4965292503674177,1.62,1.62,1.5582507648659225
0.000634015,2.116795009970483,1.6183560809281938,1.6183560809281938,1.6183560809281938,1.5568236193942635,1.5568236193942635,1.5568236193942635,1.5568236486477478,1.4968194886832036,1.4968194886832036,1.4967860159215878,1.62,1.62,1.558408679242652
0.00064964,2.096222369757305,1.6183520059141447,1.6183520059141447,1.6183520059141447,1.558884066911174,1.558884066911174,1.558884066911174,1.5588840963821555,1.5009565444048436,1.5009565444048436,1.5008648712072468,1.62,1.62,1.5604772030447005
0.000665265,2.057348770942935,1.6183464062685546,1.6183464062685546,1.6183464062685546,1.5627724601261463,1.5627724601261463,1.5627724601261463,1.5627724899025763,1.508756046463027,1.508756046463027,1.5086100839867258,1.62,1.62,1.5643769483588976
0.00068089,2.001668104129245,1.6183391301995085,1.6183391301995085,1.6183391301995085,1.568338966346085,1.568338966346085,1.568338966346085,1.568338996512266,1.5199180560607315,1.5199180560607315,1.519723054661532,1.62,1.62,1.569957945856534
0.000696515,1.9313201461158065,1.6183308236583258,1.6183308236583258,1.6183308236583258,1.5753700705866664,1.5753700705866664,1.5753700705866664,1.575370101203841,1.5340138299084152,1.5340138299084152,1.5337776147607465,1.62,1.62,1.577005824322997
0.00071214,1.8490083294774875,1.6183214401701989,1.6183214401701989,1.6183214401701989,1.5835951689548409,1.5835951689548409,1.5835951689548409,1.583595200074993,1.5505014686525231,1.5505014686525231,1.5502328118673612,1.62,1.62,1.585249634257141
0.000727765,1.7578958511666989,1.618311705385765,1.618311705385765,1.618311705385765,1.592698576844946,1.592698576844946,1.592698576844946,1.592698608492668,1.5687475665931532,1.5687475665931532,1.568457073707197,1.62,1.62,1.59437267332083
0.00074339,1.6614841126284583,1.6183016289994292,1.6183016289994292,1.6183016289994292,1.602330054307274,1.602330054307274,1.602330054307274,1.602330086494936,1.5880507310599643,1.5880507310599643,1.5877493071940054,1.62,1.62,1.604024245410722
0.000759015,1.5634781629064651,1.618291962011864,1.618291962011864,1.618291962011864,1.6121198689710003,1.6121198689710003,1.6121198689710003,1.6121199016821817,1.6076693561167197,1.6076693561167197,1.6073688217227624,1.62,1.62,1.6138335480972448
0.00077464,1.467644315686164,1.61828271278478,1.61828271278478,1.61828271278478,1.6216914040593942,1.6216914040593942,1.6216914040593942,1.6216914372655844,1.626849304666805,1.626849304666805,1.62656099239222,1.62,1.62,1.6234235130617554
0.000790265,1.3776654119719918,1.6182745992638132,1.6182745992638132,1.6182745992638132,1.6306772293588525,1.6306772293588525,1.6306772293588525,1.6306772630045023,1.644853705006974,1.644853705006974,1.644588892300893,1.62,1.62,1.632425704958678
0.00080589,1.2969992905729335,1.618267571374686,1.618267571374686,1.618267571374686,1.6387316263422904,1.6387316263422904,1.6387316263422904,1.6387316603629654,1.6609904545491214,1.6609904545491214,1.6607591380739206,1.62,1.62,1.6404940726639208
0.000821515,1.2287459052962726,1.618262260440288,1.618262260440288,1.618262260440288,1.6455454661790427,1.6455454661790427,1.6455454661790427,1.6455455004879078,1.674639629384822,1.674639629384822,1.6744508617022522,1.62,1.62,1.6473186546425755
0.00083714,1.1755281954612522,1.6182585099376186,1.6182585099376186,1.6182585099376186,1.6508564999034878,1.6508564999034878,1.6508564999034878,1.6508565344106054,1.6852764963210387,1.6852764963210387,1.6851373842229,1.62,1.62,1.652637084359545
0.000852765,1.1393912878119958,1.618256823993183,1.618256823993183,1.618256823993183,1.6544610232235104,1.6544610232235104,1.6544610232235104,1.6544610578233685,1.6924924884412158,1.6924924884412158,1.6924085105767612,1.62,1.62,1.6562450786481664
0.00086839,1.1217239034436537,1.618256908021083,1.618256908021083,1.618256908021083,1.656220120775472,1.656220120775472,1.656220120775472,1.6562201553669331,1.6960100964649627,1.6960100964649627,1.6959843613340155,1.62,1.62,1.658003882789148
0.000884015,1.1232049900295176,1.6182591175503374,1.6182591175503374,1.6182591175503374,1.65606658581996,1.65606658581996,1.65606658581996,1.6560666202942884,1.695694342394809,1.695694342394809,1.6957279446275983,1.62,1.62,1.657846007925571
0.00089964,1.143777630242696,1.6182630095280193,1.6182630095280193,1.6182630095280193,1.6540059244225205,1.6540059244225205,1.6540059244225205,1.654005958683385,1.6915571578464002,1.6915571578464002,1.6916487128000934,1.62,1.62,1.6557774196353832
0.000915265,1.182651229057066,1.6182687919166991,1.6182687919166991,1.6182687919166991,1.650117719686251,1.650117719686251,1.650117719686251,1.6501177536376388,1.6837577341845438,1.6837577341845438,1.6839038052152524,1.62,1.62,1.651877713593969
0.00093089,1.238331895870756,1.618275885584792,1.618275885584792,1.618275885584792,1.6445510002890429,1.6445510002890429,1.6445510002890429,1.6445510338546994,1.6725955961888506,1.6725955961888506,1.6727904990028373,1.62,1.62,1.64629665182294
0.000946515,1.308679853884195,1.6182843742361022,1.6182843742361022,1.6182843742361022,1.6375200838347543,1.6375200838347543,1.6375200838347543,1.637520116945403,1.6584999003894294,1.6584999003894294,1.6587362056135866,1.62,1.62,1.639248812454823
0.00096214,1.3909916705225145,1.6182935759537822,1.6182935759537822,1.6182935759537822,1.629294772986333,1.629294772986333,1.629294772986333,1.6292948055980092,1.642012133548992,1.642012133548992,1.6422807091177694,1.62,1.62,1.631004938398511
0.000977765,1.4821041488333024,1.6183034922202668,1.6183034922202668,1.6183034922202668,1.620191552195663,1.620191552195663,1.620191552195663,1.6201915842757704,1.623766113427704,1.623766113427704,1.6240566800622147,1.62,1.62,1.6218819383184586
0.00099339,1.5785158873715437,1.6183133874617963,1.6183133874617963,1.6183133874617963,1.61055986294547,1.61055986294547,1.61055986294547,1.610559894489627,1.6044628210550034,1.6044628210550034,1.6047641790547342,1.62,1.62,1.6122303022017284
0.001009015,1.6765218370935369,1.618323235308182,1.618323235308182,1.618323235308182,1.6007702346995294,1.6007702346995294,1.6007702346995294,1.6007702657161853,1.584844273695993,1.584844273695993,1.5851448674058628,1.62,1.62,1.6024210384378577
0.00102464,1.7723556843138368,1.6183323040112745,1.6183323040112745,1.6183323040112745,1.5911984885099908,1.5911984885099908,1.5911984885099908,1.5911985190356095,1.565664197326741,1.565664197326741,1.5659524573058885,1.62,1.62,1.59283100949022
0.001040265,1.862334588028009,1.618340597772637,1.618340597772637,1.618340597772637,1.5822128489518754,1.5822128489518754,1.5822128489518754,1.58221287903407,1.5476598746606782,1.5476598746606782,1.547924733920543,1.62,1.62,1.5838288565037302
0.00105589,1.943000709427067,1.6183474457538014,1.6183474457538014,1.6183474457538014,1.57415824154892,1.57415824154892,1.57415824154892,1.5741582712600437,1.5315229972932458,1.5315229972932458,1.531754273475508,1.62,1.62,1.5757604248126669
0.001071515,2.011254094703728,1.6183529363149352,1.6183529363149352,1.6183529363149352,1.5673445867827265,1.5673445867827265,1.5673445867827265,1.5673446162017142,1.517873900197792,1.517873900197792,1.5180627031442644,1.62,1.62,1.5689358817770978
0.00108714,2.064471804538748,1.618356507520927,1.618356507520927,1.618356507520927,1.5620333433151896,1.5620333433151896,1.5620333433151896,1.562033372539859,1.5072369053453,1.5072369053453,1.5073759877709292,1.62,1.62,1.5636173880291646
0.001102765,2.100608712188005,1.618358372483163,1.618358372483163,1.618358372483163,1.5584290043998024,1.5584290043998024,1.5584290043998024,1.558429033527806,1.500020991111772,1.500020991111772,1.5001049942476454,1.62,1.62,1.5600094327565457
0.00111839,2.1182760965563467,1.618358109765165,1.618358109765165,1.618358109765165,1.556669697776088,1.556669697776088,1.556669697776088,1.556669726916402,1.4965032550031396,1.4965032550031396,1.496528969864162,1.62,1.62,1.5582505645006928
0.001134015,2.1167950099704824,1.6183560786494608,1.6183560786494608,1.6183560786494608,1.5568234164756236,1.5568234164756236,1.5568234164756236,1.556823445729166,1.4968190871812257,1.4968190871812257,1.4967855013704798,1.62,1.62,1.5584084784905687
0.00114964,2.096222369757304,1.6183520085835943,1.6183520085835943,1.6183520085835943,1.5588838694672242,1.5588838694672242,1.5588838694672242,1.5588838989381233,1.5009561434042082,1.5009561434042082,1.5008645765102648,1.62,1.62,1.5604770025459884
0.001165265,2.0573487709429337,1.6183464040088626,1.6183464040088626,1.6183464040088626,1.5627722572917624,1.5627722572917624,1.5627722572917624,1.5627722870682554,1.5087556454634892,1.5087556454634892,1.508609583012452,1.62,1.62,1.5643767478580115
0.00118089,2.001668104129243,1.618339132849871,1.618339132849871,1.618339132849871,1.5683387689444177,1.5683387689444177,1.5683387689444177,1.5683387991105122,1.5199176548282352,1.5199176548282352,1.519722747458558,1.62,1.62,1.569957745241906
0.001196515,1.9313201461158047,1.6183308214175134,1.6183308214175134,1.6183308214175134,1.5753698678366417,1.5753698678366417,1.5753698678366417,1.5753698984538833,1.5340134293788623,1.5340134293788623,1.5337771257789363,1.62,1.62,1.5770056240569794
0.00121214,1.8490083294774844,1.618321442801634,1.618321442801634,1.618321442801634,1.5835949715959212,1.5835949715959212,1.5835949715959212,1.583595002715983,1.550501067219866,1.550501067219866,1.550232493647705,1.62,1.62,1.58524943354244
0.001227765,1.7578958511666962,1.618311703163675,1.618311703163675,1.618311703163675,1.5926983741787033,1.5926983741787033,1.5926983741787033,1.592698405826496,1.5687471665035717,1.5687471665035717,1.5684565953188463,1.62,1.62,1.5943724732747129
0.00124339,1.661484112628456,1.6183016316120946,1.6183016316120946,1.6183016316120946,1.6023298569911104,1.6023298569911104,1.6023298569911104,1.6023298891786784,1.588050329453922,1.588050329453922,1.5877489792702382,1.62,1.62,1.6040240446094167
0.001259015,1.5634781629064618,1.6182919598083374,1.6182919598083374,1.6182919598083374,1.6121196663888706,1.6121196663888706,1.6121196663888706,1.612119699100126,1.6076689564425684,1.6076689564425684,1.6073683526956135,1.62,1.62,1.6138333482587768
0.00127464,1.4676443156861607,1.618282715378833,1.618282715378833,1.618282715378833,1.6216912067863378,1.6216912067863378,1.6216912067863378,1.6216912399924306,1.626848902911746,1.626848902911746,1.6265606559230672,1.62,1.62,1.6234233121859565
0.001290265,1.3776654119719896,1.6182745970786954,1.6182745970786954,1.6182745970786954,1.6306770268603712,1.6306770268603712,1.6306770268603712,1.6306770605060985,1.6448533057252384,1.6448533057252384,1.6445884315465205,1.62,1.62,1.6324255053164072
0.00130589,1.296999290572932,1.618267573950282,1.618267573950282,1.618267573950282,1.6387314291122372,1.6387314291122372,1.6387314291122372,1.638731463132812,1.6609900526652628,1.6609900526652628,1.660758794080292,1.62,1.62,1.6404938717237856
0.001321515,1.2287459052962717,1.6182622582734232,1.6182622582734232,1.6182622582734232,1.6455452637639738,1.6455452637639738,1.6455452637639738,1.645545298072919,1.6746392304759432,1.6746392304759432,1.6744504082611664,1.62,1.62,1.6473184551866848
0.00133714,1.1755281954612515,1.618258512494911,1.618258512494911,1.618258512494911,1.6508563027166745,1.6508563027166745,1.6508563027166745,1.650856337223689,1.6852760943266367,1.6852760943266367,1.6851370336058975,1.62,1.62,1.6526368833642486
0.001352765,1.139391287811995,1.6182568218444189,1.6182568218444189,1.6182568218444189,1.654460820891617,1.654460820891617,1.654460820891617,1.6544608554915576,1.6924920898882403,1.6924920898882403,1.6924080636027723,1.62,1.62,1.656244879370084
0.00136839,1.1217239034436537,1.6182569105602254,1.6182569105602254,1.6182569105602254,1.6562199236317936,1.6562199236317936,1.6562199236317936,1.6562199582231496,1.6960096943754024,1.6960096943754024,1.6959840048879278,1.62,1.62,1.6580036817463528
0.001384015,1.1232049900295182,1.6182591154195214,1.6182591154195214,1.6182591154195214,1.6560663835708918,1.6560663835708918,1.6560663835708918,1.656066418045305,1.6956939441823022,1.6956939441823022,1.69572750337366,1.62,1.62,1.6578458088177117
0.00139964,1.143777630242697,1.6182630120491637,1.6182630120491637,1.6182630120491637,1.654005727322214,1.654005727322214,1.654005727322214,1.6540057615829709,1.69155675567568,1.69155675567568,1.6916483512260967,1.62,1.62,1.6557772185520625
0.001415265,1.1826512290570672,1.6182687898036805,1.6182687898036805,1.6182687898036805,1.650117517519999,1.650117517519999,1.650117517519999,1.6501175514714732,1.683757336300089,1.683757336300089,1.6839033690234673,1.62,1.62,1.6518775146500582
0.00143089,1.2383318958707576,1.6182758880880874,1.6182758880880874,1.6182758880880874,1.6445508032321177,1.6445508032321177,1.6445508032321177,1.644550836797665,1.672595193948872,1.672595193948872,1.6727901329191603,1.62,1.62,1.6462964507049234
0.001446515,1.3086798538841964,1.6182843721407307,1.6182843721407307,1.6182843721407307,1.6375198817508536,1.6375198817508536,1.6375198817508536,1.637519914861591,1.6584995028209528,1.6584995028209528,1.6587357739023665,1.62,1.62,1.6392486136689903
0.00146214,1.3909916705225174,1.6182935784393782,1.6182935784393782,1.6182935784393782,1.6292945759733664,1.6292945759733664,1.6292945759733664,1.6292946085849311,1.6420117312507316,1.6420117312507316,1.6422803390703098,1.62,1.62,1.6310047372513952
0.001477765,1.4821041488333058,1.618303490142394,1.618303490142394,1.618303490142394,1.6201913501946732,1.6201913501946732,1.6201913501946732,1.620191382274872,1.6237657161673993,1.6237657161673993,1.6240562523212383,1.62,1.62,1.621881739686616
0.00149339,1.578515887371546,1.6183133899298403,1.6183133899298403,1.6183133899298403,1.6105596659764714,1.6105596659764714,1.6105596659764714,1.6105596975205154,1.6044624187068994,1.6044624187068994,1.6047638055240432,1.62,1.62,1.6122301010298197
0.001509015,1.6765218370935393,1.6183232332476618,1.6183232332476618,1.6183232332476618,1.600770032780533,1.600770032780533,1.600770032780533,1.6007700637972817,1.5848438767339916,1.5848438767339916,1.5851444431818025,1.62,1.62,1.6024208399551128
0.00152464,1.7723556843138393,1.6183323064619135,1.6183323064619135,1.6183323064619135,1.591198291584741,1.591198291584741,1.591198291584741,1.5911983221102448,1.5656637949360015,1.5656637949360015,1.5659520807157243,1.62,1.62,1.5928308082969678
0.001540265,1.8623345880280109,1.618340595729323,1.618340595729323,1.618340595729323,1.5822126471147493,1.5822126471147493,1.5822126471147493,1.5822126771970384,1.5476594779899435,1.5476594779899435,1.5479243128150348,1.62,1.62,1.58382865816658
0.00155589,1.9430007094270696,1.6183474481871811,1.6183474481871811,1.6183474481871811,1.5741580446676555,1.5741580446676555,1.5741580446676555,1.574158074378662,1.531522594866467,1.531522594866467,1.5317538942000886,1.62,1.62,1.575760223601416
0.001571515,2.0112540947037294,1.618352934288683,1.618352934288683,1.618352934288683,1.5673443850273483,1.5673443850273483,1.5673443850273483,1.5673444144464324,1.5178735038121154,1.5178735038121154,1.518062284805747,1.62,1.62,1.5689356835825663
0.00158714,2.0644718045387496,1.618356509937191,1.618356509937191,1.618356509937191,1.562033146478033,1.562033146478033,1.562033146478033,1.5620331757025845,1.5072365028878882,1.5072365028878882,1.5073756061401071,1.62,1.62,1.5636171868026527
0.001602765,2.1006087121880057,1.6183583704738291,1.6183583704738291,1.6183583704738291,1.558428802725936,1.558428802725936,1.558428802725936,1.5584288318540374,1.5000205950062964,1.5000205950062964,1.5001045783664366,1.62,1.62,1.560009234702009
0.00161839,2.1182760965563467,1.618358112164456,1.618358112164456,1.618358112164456,1.5566695009831617,1.5566695009831617,1.5566695009831617,1.556669530123356,1.496502852519635,1.496502852519635,1.4965285861688753,1.62,1.62,1.5582503632612144
0.001634015,2.116795009970482,1.6183560766569036,1.6183560766569036,1.6183560766569036,1.556823214883033,1.556823214883033,1.556823214883033,1.556823244136675,1.496818691351397,1.496818691351397,1.4967850876729505,1.62,1.62,1.558408280573819
0.00164964,2.0962223697573026,1.618352010966055,1.618352010966055,1.618352010966055,1.558883672718423,1.558883672718423,1.558883672718423,1.5588837021892004,1.50095574089825,1.50095574089825,1.5008641910069638,1.62,1.62,1.5604768012952202
0.001665265,2.0573487709429323,1.6183464020329408,1.6183464020329408,1.6183464020329408,1.5627720557800977,1.5627720557800977,1.5627720557800977,1.5627720855566918,1.508755249905367,1.508755249905367,1.5086091712571268,1.62,1.62,1.5643765500770928
0.00168089,2.001668104129241,1.6183391352156409,1.6183391352156409,1.6183391352156409,1.568338572240091,1.568338572240091,1.568338572240091,1.5683386024060626,1.51991725230311,1.51991725230311,1.5197223603737062,1.62,1.62,1.569957543981638
0.001696515,1.9313201461158025,1.618330819458087,1.618330819458087,1.618330819458087,1.575369666405895,1.575369666405895,1.575369666405895,1.5753696970232387,1.5340130340898668,1.5340130340898668,1.5337767157535211,1.62,1.62,1.5770054264106024
0.00171214,1.849008329477483,1.6183214451508523,1.6183214451508523,1.6183214451508523,1.5835947749360777,1.5835947749360777,1.5835947749360777,1.5835948060560152,1.550500664678063,1.550500664678063,1.55023210518087,1.62,1.62,1.5852492322738103
0.001727765,1.757895851166693,1.6183117012206054,1.6183117012206054,1.6183117012206054,1.5926981728288656,1.5926981728288656,1.5926981728288656,1.592698204476762,1.568746771481608,1.568746771481608,1.5684561868360365,1.62,1.62,1.5943722757618808
0.00174339,1.6614841126284523,1.6183016339448997,1.6183016339448997,1.6183016339448997,1.6023296603759862,1.6023296603759862,1.6023296603759862,1.6023296925634285,1.5880499268975097,1.5880499268975097,1.5877485895975472,1.62,1.62,1.604023843333518
0.001759015,1.5634781629064591,1.6182919578814872,1.6182919578814872,1.6182919578814872,1.6121194651194786,1.6121194651194786,1.6121194651194786,1.6121194978308389,1.607668561685352,1.607668561685352,1.6073679455895589,1.62,1.62,1.6138331508782946
0.00177464,1.4676443156861594,1.6182827176953611,1.6182827176953611,1.6182827176953611,1.6216910102160549,1.6216910102160549,1.6216910102160549,1.6216910434220206,1.6268485003422144,1.6268485003422144,1.6265602651997255,1.62,1.62,1.6234231109035246
0.001790265,1.377665411971988,1.6182745951679278,1.6182745951679278,1.6182745951679278,1.6306768256716444,1.6306768256716444,1.6306768256716444,1.6306768593174783,1.6448529112324013,1.6448529112324013,1.6445880256723449,1.62,1.62,1.6324253080679938
0.00180589,1.2969992905729306,1.618267576250669,1.618267576250669,1.618267576250669,1.638731232587372,1.638731232587372,1.638731232587372,1.6387312666078182,1.6609896500844623,1.6609896500844623,1.6607584024439894,1.62,1.62,1.6404936704357933
0.001821515,1.2287459052962697,1.6182622563786042,1.6182622563786042,1.6182622563786042,1.6455450626556765,1.6455450626556765,1.6455450626556765,1.6455450969647294,1.674638836246103,1.674638836246103,1.6744500034898324,1.62,1.62,1.6473182580698071
0.00183714,1.1755281954612498,1.6182585147792927,1.6182585147792927,1.6182585147792927,1.6508561062367804,1.6508561062367804,1.6508561062367804,1.6508561407436653,1.685275691734002,1.685275691734002,1.685136641176099,1.62,1.62,1.6526366820704492
0.001852765,1.139391287811994,1.6182568199654128,1.6182568199654128,1.6182568199654128,1.6544606198634,1.6544606198634,1.6544606198634,1.65446065446345,1.6924916959205245,1.6924916959205245,1.6924076598205315,1.62,1.62,1.656244682384283
0.00186839,1.1217239034436532,1.6182569128287343,1.6182569128287343,1.6182569128287343,1.65621972719722,1.65621972719722,1.65621972719722,1.6562197617884449,1.69600929177218,1.69600929177218,1.6959836117719715,1.62,1.62,1.658003480447123
0.001884015,1.1232049900295182,1.6182591135561966,1.6182591135561966,1.6182591135561966,1.6560661826226333,1.6560661826226333,1.6560661826226333,1.6560662170971572,1.695693550476708,1.695693550476708,1.6957271004807717,1.62,1.62,1.6578456119629152
0.00189964,1.1437776302426976,1.6182630143019316,1.6182630143019316,1.6182630143019316,1.6540055309330823,1.6540055309330823,1.6540055309330823,1.654005565193707,1.6915563530616196,1.6915563530616196,1.6916479575175407,1.62,1.62,1.655777017247397
0.001915265,1.1826512290570688,1.618268787955905,1.618268787955905,1.618268787955905,1.650117316651577,1.650117316651577,1.650117316651577,1.6501173506031634,1.6837569428568229,1.6837569428568229,1.683902966931901,1.62,1.62,1.651877317926344
0.00193089,1.23833189587076,1.6182758903252477,1.6182758903252477,1.6182758903252477,1.644550606888436,1.644550606888436,1.644550606888436,1.6445506404538488,1.6725947913230856,1.6725947913230856,1.672789738700132,1.62,1.62,1.646296249394561
0.001946515,1.308679853884199,1.6182843703083738,1.6182843703083738,1.6182843703083738,1.6375196809621468,1.6375196809621468,1.6375196809621468,1.6375197140729978,1.6584991096402746,1.6584991096402746,1.658735372534275,1.62,1.62,1.639248417076573
0.00196214,1.3909916705225187,1.6182935806610588,1.6182935806610588,1.6182935806610588,1.6292943796753705,1.6292943796753705,1.6292943796753705,1.6292944122867996,1.6420113286132982,1.6420113286132982,1.6422799444143503,1.62,1.62,1.6310045359351757
0.001977765,1.482104148833307,1.6183034883253258,1.6183034883253258,1.6183034883253258,1.6201911494853325,1.6201911494853325,1.6201911494853325,1.6201911815656462,1.62376532324963,1.62376532324963,1.6240558516078467,1.62,1.62,1.621881543225599
0.00199339,1.5785158873715477,1.618313392136172,1.618313392136172,1.618313392136172,1.6105594697242822,1.6105594697242822,1.6105594697242822,1.6105595012681897,1.6044620160569265,1.6044620160569265,1.6047634104952793,1.62,1.62,1.612229899707357
0.002009015,1.6765218370935426,1.618323231445754,1.618323231445754,1.618323231445754,1.600769832150778,1.600769832150778,1.600769832150778,1.6007698631676428,1.5848434840805432,1.5848434840805432,1.585144043063306,1.62,1.62,1.6024206436262782
0.00202464,1.7723556843138426,1.6183323086530226,1.6183323086530226,1.6183323086530226,1.591198095378708,1.591198095378708,1.591198095378708,1.5911981259040733,1.5656633922727388,1.5656633922727388,1.5659516853710411,1.62,1.62,1.5928306069679976
0.002040265,1.8623345880280135,1.6183405939424482,1.6183405939424482,1.6183405939424482,1.582212446564231,1.582212446564231,1.582212446564231,1.582212476646638,1.547659085601434,1.547659085601434,1.547923913237807,1.62,1.62,1.583828461970239
0.00205589,1.943000709427071,1.618347450363195,1.618347450363195,1.618347450363195,1.574157848507559,1.574157848507559,1.574157848507559,1.5741578782184256,1.5315221921883355,1.5315221921883355,1.5317534985889885,1.62,1.62,1.5757600222650112
0.002071515,2.0112540947037307,1.6183529325167152,1.6183529325167152,1.6183529325167152,1.5673441845557186,1.5673441845557186,1.5673441845557186,1.5673442139749216,1.517873111689794,1.517873111689794,1.5180618857229125,1.62,1.62,1.5689354875191206
0.00208714,2.064471804538752,1.6183565120982362,1.6183565120982362,1.6183565120982362,1.5620329503641075,1.5620329503641075,1.5620329503641075,1.5620329795885173,1.5072361001938854,1.5072361001938854,1.5073752103069131,1.62,1.62,1.5636169854582551
0.002102765,2.100608712188006,1.6183583687166427,1.6183583687166427,1.6183583687166427,1.5584286023334135,1.5584286023334135,1.5584286023334135,1.5584286314616358,1.500020203151681,1.500020203151681,1.500104179736811,1.62,1.62,1.5600090387725123
0.00211839,2.118276096556347,1.6183581143106565,1.6183581143106565,1.6183581143106565,1.5566693049155285,1.5566693049155285,1.5566693049155285,1.5566693340555802,1.496502449808218,1.496502449808218,1.4965281901522955,1.62,1.62,1.5582501619080744
0.002134015,2.116795009970482,1.6183560749143746,1.6183560749143746,1.6183560749143746,1.5568230145689292,1.5568230145689292,1.5568230145689292,1.556823043822693,1.4968182997652366,1.4968182997652366,1.4967846894593606,1.62,1.62,1.5584080847784876
0.00214964,2.0962223697573026,1.6183520130975348,1.6183520130975348,1.6183520130975348,1.55888347669709,1.55888347669709,1.55888347669709,1.5588835061677235,1.5009553381673346,1.5009553381673346,1.5008637948406638,1.62,1.62,1.5604765999324035
0.002165265,2.0573487709429314,1.618346400304946,1.618346400304946,1.618346400304946,1.5627718555447454,1.5627718555447454,1.5627718555447454,1.562771885321463,1.508754858590249,1.508754858590249,1.5086087734283995,1.62,1.62,1.5643763544172398
0.00218089,2.0016681041292403,1.6183391373325229,1.6183391373325229,1.6183391373325229,1.5683383762652932,1.5683383762652932,1.5683383762652932,1.5683384064311188,1.5199168495512152,1.5199168495512152,1.519721964088076,1.62,1.62,1.569957342608366
0.002196515,1.9313201461158012,1.6183308177445042,1.6183308177445042,1.6183308177445042,1.5753694662489457,1.5753694662489457,1.5753694662489457,1.575369496866415,1.5340126430471728,1.5340126430471728,1.5337763182809785,1.62,1.62,1.577005230886923
0.00221214,1.8490083294774813,1.618321447253258,1.618321447253258,1.618321447253258,1.5835945790081627,1.5835945790081627,1.5835945790081627,1.583594610127953,1.5505002619035877,1.5505002619035877,1.5502317088026674,1.62,1.62,1.585249030889359
0.002227765,1.7578958511666896,1.6183116995213132,1.6183116995213132,1.6183116995213132,1.592697972750426,1.592697972750426,1.592697972750426,1.592698004398449,1.5687463807137014,1.5687463807137014,1.568455789695255,1.62,1.62,1.594372080375584
0.00224339,1.6614841126284492,1.6183016360329487,1.6183016360329487,1.6183016360329487,1.6023294644950756,1.6023294644950756,1.6023294644950756,1.602329496682369,1.5880495240987114,1.5880495240987114,1.587748193150344,1.62,1.62,1.6040236419368772
0.002259015,1.5634781629064558,1.6182919561963656,1.6182919561963656,1.6182919561963656,1.6121192651195413,1.6121192651195413,1.6121192651195413,1.61211929783103,1.6076681711947003,1.6076681711947003,1.6073675487590724,1.62,1.62,1.6138329556305324
0.00227464,1.467644315686156,1.6182827197691745,1.6182827197691745,1.6182827197691745,1.6216908143822697,1.6216908143822697,1.6216908143822697,1.621690847588085,1.6268480975168276,1.6268480975168276,1.6265598687039062,1.62,1.62,1.6234229094936274
0.002290265,1.3776654119719836,1.618274593496858,1.618274593496858,1.618274593496858,1.6306766257497471,1.6306766257497471,1.6306766257497471,1.6306766593957112,1.6448525210201517,1.6448525210201517,1.6445876291318973,1.62,1.62,1.6324251129595158
0.00230589,1.2969992905729266,1.6182675783103648,1.6182675783103648,1.6182675783103648,1.6387310368004924,1.6387310368004924,1.6387310368004924,1.6387310708207865,1.6609892472296373,1.6609892472296373,1.6607580059169509,1.62,1.62,1.640493469011183
0.002321515,1.2287459052962673,1.618262254721468,1.618262254721468,1.618262254721468,1.6455448628114715,1.6455448628114715,1.6455448628114715,1.6455448971206563,1.674638446314516,1.674638446314516,1.6744496072224906,1.62,1.62,1.6473180631015274
0.00233714,1.1755281954612484,1.618258516824988,1.618258516824988,1.618258516824988,1.650855910496813,1.650855910496813,1.650855910496813,1.650855945003544,1.6852752888471685,1.6852752888471685,1.6851362446334663,1.62,1.62,1.6526364806298457
0.002352765,1.1393912878119936,1.6182568183220938,1.6182568183220938,1.6182568183220938,1.654460420096766,1.654460420096766,1.654460420096766,1.6544604546969492,1.692491306271786,1.692491306271786,1.6924072638112293,1.62,1.62,1.6562444875573905
0.00236839,1.121723903443653,1.618256914860546,1.618256914860546,1.618256914860546,1.6562195315046266,1.6562195315046266,1.6562195315046266,1.6562195660956958,1.6960088888514286,1.6960088888514286,1.6959832152281833,1.62,1.62,1.6580032789896555
0.002384015,1.123204990029519,1.6182591119265788,1.6182591119265788,1.6182591119265788,1.656065982933791,1.656065982933791,1.656065982933791,1.6560660174084498,1.6956931611139126,1.6956931611139126,1.6957267047170783,1.62,1.62,1.6578454172789865
0.00239964,1.1437776302426983,1.6182630163199758,1.6182630163199758,1.6182630163199758,1.6540053352878707,1.6540053352878707,1.6540053352878707,1.6540053695483377,1.6915559501042774,1.6915559501042774,1.6916475609846953,1.62,1.62,1.655776815771694
0.002415265,1.1826512290570697,1.618268786339872,1.618268786339872,1.618268786339872,1.6501171170401774,1.6501171170401774,1.6501171170401774,1.6501171509919008,1.6837565537819923,1.6837565537819923,1.683902571401808,1.62,1.62,1.6518771233864316
0.00243089,1.238331895870761,1.6182758923296383,1.6182758923296383,1.6182758923296383,1.6445504112907263,1.6445504112907263,1.6445504112907263,1.6445504448559802,1.6725943883267649,1.6725943883267649,1.6727893421891684,1.62,1.62,1.6462960478993232
0.002446515,1.3086798538842002,1.6182843687058124,1.6182843687058124,1.6182843687058124,1.637519481427843,1.637519481427843,1.637519481427843,1.637519514538833,1.6584987208558113,1.6584987208558113,1.6587349772275075,1.62,1.62,1.639248222681768
0.00246214,1.3909916705225218,1.6182935826519107,1.6182935826519107,1.6182935826519107,1.6292941841249418,1.6292941841249418,1.6292941841249418,1.62929421673621,1.6420109255742352,1.6420109255742352,1.642279547933611,1.62,1.62,1.6310043344187188
0.002477765,1.4821041488333109,1.6183034867361232,1.6183034867361232,1.6183034867361232,1.6201909500280036,1.6201909500280036,1.6201909500280036,1.620190982108458,1.6237649347581515,1.6237649347581515,1.6240554565154484,1.62,1.62,1.6218813489772652
0.00249339,1.578515887371551,1.6183133941135972,1.6183133941135972,1.6183133941135972,1.610559274221256,1.610559274221256,1.610559274221256,1.6105593057650005,1.6044616129727385,1.6044616129727385,1.6047630140534148,1.62,1.62,1.612229698168298
0.002509015,1.6765218370935444,1.6183232298697978,1.6183232298697978,1.6183232298697978,1.6007696327700758,1.6007696327700758,1.6007696327700758,1.6007696637870832,1.584843095884532,1.584843095884532,1.5851436481772367,1.62,1.62,1.6024204495255896
0.00252464,1.7723556843138442,1.6183323106171326,1.6183323106171326,1.6183323106171326,1.5911978999233174,1.5911978999233174,1.5911978999233174,1.5911979304485182,1.5656629891407363,1.5656629891407363,1.5659512889754124,1.62,1.62,1.5928304054050304
0.002540265,1.8623345880280169,1.6183405923796268,1.6183405923796268,1.6183405923796268,1.5822122472604905,1.5822122472604905,1.5822122472604905,1.5822122773430416,1.547658697704569,1.547658697704569,1.5479235185521052,1.62,1.62,1.5838282680190927
0.00255589,1.9430007094270736,1.6183474523141013,1.6183474523141013,1.6183474523141013,1.5741576531001529,1.5741576531001529,1.5741576531001529,1.5741576828108528,1.531521789006014,1.531521789006014,1.5317531022463415,1.62,1.62,1.575759820676902
0.002571515,2.011254094703733,1.6183529309669182,1.6183529309669182,1.6183529309669182,1.567343985328818,1.567343985328818,1.567343985328818,1.5673440147481676,1.5178727240947716,1.5178727240947716,1.518061491231419,1.62,1.62,1.5689352937189962
0.00258714,2.064471804538752,1.6183565140360474,1.6183565140360474,1.6183565140360474,1.5620327550046922,1.5620327550046922,1.5620327550046922,1.5620327842289332,1.5072356969579122,1.5072356969579122,1.507374814022423,1.62,1.62,1.563616783843391
0.002602765,2.1006087121880066,1.6183583671797614,1.6183583671797614,1.6183583671797614,1.5584284031828926,1.5584284031828926,1.5584284031828926,1.5584284323112632,1.5000198158613287,1.5000198158613287,1.50010378543417,1.62,1.62,1.5600088451245857
0.00261839,2.118276096556347,1.6183581162354828,1.6183581162354828,1.6183581162354828,1.5566691096041103,1.5566691096041103,1.5566691096041103,1.5566691387439913,1.4965020465152512,1.4965020465152512,1.496527793930501,1.62,1.62,1.5582499602648054
0.002634015,2.116795009970482,1.6183560733902995,1.6183560733902995,1.6183560733902995,1.556822815495008,1.556822815495008,1.556822815495008,1.5568228447489227,1.4968179127831742,1.4968179127831742,1.496784295341572,1.62,1.62,1.5584078912846575
0.00264964,2.096222369757302,1.6183520150094837,1.6183520150094837,1.6183520150094837,1.5588832814339035,1.5588832814339035,1.5588832814339035,1.5588833109043638,1.5009549348146118,1.5009549348146118,1.500863398686157,1.62,1.62,1.5604763982592664
0.002665265,2.0573487709429297,1.6183463987935702,1.6183463987935702,1.6183463987935702,1.5627716565468497,1.5627716565468497,1.5627716565468497,1.56277168632372,1.508754471918841,1.508754471918841,1.5086083794907583,1.62,1.62,1.5643761610786435
0.00268089,2.001668104129238,1.6183391392317026,1.6183391392317026,1.6183391392317026,1.5683381810498898,1.5683381810498898,1.5683381810498898,1.5683382112155404,1.5199164461343968,1.5199164461343968,1.5197215680033664,1.62,1.62,1.56995714090318
0.002696515,1.9313201461157985,1.6183308162457215,1.6183308162457215,1.6183308162457215,1.5753692673267274,1.5753692673267274,1.5753692673267274,1.5753692979443514,1.5340122566890932,1.5340122566890932,1.5337759245195095,1.62,1.62,1.5770050377049636
0.00271214,1.8490083294774784,1.6183214491397735,1.6183214491397735,1.6183214491397735,1.5835943838407764,1.5835943838407764,1.5835943838407764,1.583594414960389,1.5504998584195022,1.5504998584195022,1.5502313127910106,1.62,1.62,1.5852488291505895
0.002727765,1.7578958511666862,1.6183116980350176,1.6183116980350176,1.6183116980350176,1.5926977739038788,1.5926977739038788,1.5926977739038788,1.5926978055520593,1.5687459946724986,1.5687459946724986,1.5684553961072616,1.62,1.62,1.5943718873520432
0.00274339,1.6614841126284456,1.6183016379069064,1.6183016379069064,1.6183016379069064,1.602329269375713,1.602329269375713,1.602329269375713,1.6023293015628266,1.5880491205436655,1.5880491205436655,1.5877477972141356,1.62,1.62,1.6040234401627234
0.002759015,1.5634781629064525,1.618291954722452,1.618291954722452,1.618291954722452,1.612119066348545,1.612119066348545,1.612119066348545,1.612119099060193,1.6076677854737569,1.6076677854737569,1.6073671553419997,1.62,1.62,1.613832762767116
0.00277464,1.4676443156861527,1.618282721630678,1.618282721630678,1.618282721630678,1.6216906193113914,1.6216906193113914,1.6216906193113914,1.6216906525170247,1.626847693888314,1.626847693888314,1.6265594728463977,1.62,1.62,1.6234227076827077
0.002790265,1.377665411971982,1.6182745920352228,1.6182745920352228,1.6182745920352228,1.630676427054523,1.630676427054523,1.630676427054523,1.6306764607006488,1.644852135623819,1.644852135623819,1.6445872358844775,1.62,1.62,1.632424920258308
0.00280589,1.2969992905729253,1.618267580159518,1.618267580159518,1.618267580159518,1.6387308417781048,1.6387308417781048,1.6387308417781048,1.6387308757982146,1.6609888435236273,1.6609888435236273,1.6607576101396488,1.62,1.62,1.64049326716162
0.002821515,1.2287459052962664,1.6182622532720077,1.6182622532720077,1.6182622532720077,1.6455446641917857,1.6455446641917857,1.6455446641917857,1.6455446985011344,1.6746380612459368,1.6746380612459368,1.674449214142448,1.62,1.62,1.647317870564195
0.00283714,1.1755281954612475,1.618258518661893,1.618258518661893,1.618258518661893,1.6508557155234909,1.6508557155234909,1.6508557155234909,1.6508557500300354,1.6852748850611712,1.6852748850611712,1.6851358489391433,1.62,1.62,1.652636278740297
0.002852765,1.1393912878119932,1.6182568168847054,1.6182568168847054,1.6182568168847054,1.6544602215529531,1.6544602215529531,1.6544602215529531,1.6544602561533033,1.692490921535517,1.692490921535517,1.692406870897959,1.62,1.62,1.6562442951862075
0.00286839,1.1217239034436526,1.618256916685305,1.618256916685305,1.618256916685305,1.6562193365802629,1.6562193365802629,1.6562193365802629,1.6562193711711428,1.6960084849812194,1.6960084849812194,1.6959828196177291,1.62,1.62,1.6580030770580558
0.002884015,1.1232049900295191,1.6182591105011608,1.6182591105011608,1.6182591105011608,1.65606578446539,1.65606578446539,1.65606578446539,1.6560658189402184,1.6956927767131718,1.6956927767131718,1.695726311968767,1.62,1.62,1.6578452250754685
0.00289964,1.1437776302426996,1.6182630181326896,1.6182630181326896,1.6182630181326896,1.6540051404125848,1.6540051404125848,1.6540051404125848,1.65400517467286,1.691555546146165,1.691555546146165,1.6916471654593568,1.62,1.62,1.6557766137961665
0.002915265,1.1826512290570714,1.618268784926325,1.618268784926325,1.618268784926325,1.6501169186470692,1.6501169186470692,1.6501169186470692,1.6501169525989643,1.6837561697203731,1.6837561697203731,1.6839021788171888,1.62,1.62,1.6518769313524728
0.00293089,1.2383318958707632,1.618275894130407,1.618275894130407,1.618275894130407,1.6445502164644108,1.6445502164644108,1.6445502164644108,1.6445502500294704,1.6725939842763509,1.6725939842763509,1.6727889467493566,1.62,1.62,1.6462958458777248
0.002946515,1.308679853884203,1.6182843673040366,1.6182843673040366,1.6182843673040366,1.6375192831097938,1.6375192831097938,1.6375192831097938,1.637519316220958,1.658498337137151,1.658498337137151,1.6587345848056498,1.62,1.62,1.6392480308191903
0.00296214,1.3909916705225234,1.618293584440834,1.618293584440834,1.618293584440834,1.629293989347603,1.629293989347603,1.629293989347603,1.6292940219586745,1.6420105214275589,1.6420105214275589,1.6422791525800804,1.62,1.62,1.631004132348981
0.002977765,1.4821041488333122,1.61830348534602,1.61830348534602,1.61830348534602,1.620190751784666,1.620190751784666,1.620190751784666,1.6201907838652974,1.6237645513858558,1.6237645513858558,1.624055064255103,1.62,1.62,1.6218811572878151
0.00299339,1.5785158873715526,1.6183133958907734,1.6183133958907734,1.6183133958907734,1.6105590794930131,1.6105590794930131,1.6105590794930131,1.6105591110365578,1.6044612087257006,1.6044612087257006,1.6047626187866684,1.62,1.62,1.6122294960484267
0.003009015,1.676521837093546,1.6183232284912683,1.6183232284912683,1.6183232284912683,1.6007694346016716,1.6007694346016716,1.6007694346016716,1.6007694656188587,1.5848427128632705,1.5848427128632705,1.585143256078485,1.62,1.62,1.6024202580116238
0.00302464,1.772355684313849,1.6183323123826594,1.6183323123826594,1.6183323123826594,1.5911977052444042,1.5911977052444042,1.5911977052444042,1.5911977357694027,1.565662584789348,1.565662584789348,1.565950893796033,1.62,1.62,1.5928302032331036
0.003040265,1.86233458802802,1.6183405910125743,1.6183405910125743,1.6183405910125743,1.5822120491668996,1.5822120491668996,1.5822120491668996,1.5822120792496337,1.5476583150383374,1.5476583150383374,1.547923126614405,1.62,1.62,1.583828076682668
0.00305589,1.9430007094270765,1.6183474540680751,1.6183474540680751,1.6183474540680751,1.5741574584706883,1.5741574584706883,1.5741574584706883,1.5741574881811835,1.5315213845463846,1.5315213845463846,1.5317527071549413,1.62,1.62,1.5757596184508438
0.003071515,2.0112540947037347,1.6183529296112469,1.6183529296112469,1.6183529296112469,1.567343787309694,1.567343787309694,1.567343787309694,1.567343816729229,1.5178723417876931,1.5178723417876931,1.5180610994544204,1.62,1.62,1.56893510256198
0.00308714,2.0644718045387536,1.6183565157785649,1.6183565157785649,1.6183565157785649,1.5620325604246827,1.5620325604246827,1.5620325604246827,1.562032589648716,1.5072352923853498,1.5072352923853498,1.5073744190187797,1.62,1.62,1.56361658156097
0.003102765,2.1006087121880075,1.6183583658353746,1.6183583658353746,1.6183583658353746,1.5584282052383434,1.5584282052383434,1.5584282052383434,1.5584282343669025,1.500019433917641,1.500019433917641,1.5001033938176411,1.62,1.62,1.560008654149346
0.00311839,2.118276096556348,1.6183581179666382,1.6183581179666382,1.6183581179666382,1.556668915073789,1.556668915073789,1.556668915073789,1.556668944213459,1.496501641825855,1.496501641825855,1.4965273990151586,1.62,1.62,1.558249757923975
0.003134015,2.116795009970481,1.6183560720571026,1.6183560720571026,1.6183560720571026,1.556822617625141,1.556822617625141,1.556822617625141,1.5568226468792468,1.4968175312081404,1.4968175312081404,1.496783903886323,1.62,1.62,1.558407700493603
0.00314964,2.0962223697573013,1.618352016729372,1.618352016729372,1.618352016729372,1.5588830869535033,1.5588830869535033,1.5588830869535033,1.55888311642375,1.5009545300039182,1.5009545300039182,1.5008630038591302,1.62,1.62,1.5604761958579365
0.003165265,2.0573487709429297,1.6183463974714696,1.6183463974714696,1.6183463974714696,1.5627714587512047,1.5627714587512047,1.5627714587512047,1.5627714885282693,1.5087540907159078,1.5087540907159078,1.5086079881957892,1.62,1.62,1.5643759704736584
0.00318089,2.001668104129238,1.618339140940417,1.618339140940417,1.618339140940417,1.5683379866191889,1.5683379866191889,1.5683379866191889,1.5683380167846226,1.519916041197592,1.519916041197592,1.5197211732642688,1.62,1.62,1.569956938438762
0.003196515,1.931320146115796,1.618330814934624,1.618330814934624,1.618330814934624,1.575369069605412,1.575369069605412,1.575369069605412,1.5753691002232335,1.5340118758634087,1.5340118758634087,1.533775533385508,1.62,1.62,1.5770048472885445
0.00321214,1.8490083294774755,1.6183214508374066,1.6183214508374066,1.6183214508374066,1.5835941894602354,1.5835941894602354,1.5835941894602354,1.5835942205796285,1.550499453352463,1.550499453352463,1.5502309181401903,1.62,1.62,1.585248626621134
0.003227765,1.757895851166683,1.6183116967348303,1.6183116967348303,1.6183116967348303,1.5926975762570017,1.5926975762570017,1.5926975762570017,1.5926976079053825,1.56874561422932,1.56874561422932,1.568455005135,1.62,1.62,1.594371697126733
0.00324339,1.6614841126284423,1.6183016395935506,1.6183016395935506,1.6183016395935506,1.6023290750454513,1.6023290750454513,1.6023290750454513,1.6023291072323418,1.5880487153417084,1.5880487153417084,1.5877474026514224,1.62,1.62,1.604023237565891
0.003259015,1.563478162906449,1.6182919534330846,1.6182919534330846,1.6182919534330846,1.612118868775532,1.612118868775532,1.612118868775532,1.6121189014873838,1.6076674054166356,1.6076674054166356,1.6073667645305405,1.62,1.62,1.613832572734819
0.00327464,1.4676443156861494,1.6182827233064252,1.6182827233064252,1.6182827233064252,1.621690425030733,1.621690425030733,1.621690425030733,1.6216904582361398,1.6268472885450522,1.6268472885450522,1.6265590783699229,1.62,1.62,1.6234225050153186
0.003290265,1.3776654119719791,1.618274590756584,1.618274590756584,1.618274590756584,1.6306762295548,1.6306762295548,1.6306762295548,1.630676263201133,1.6448517559568612,1.6448517559568612,1.6445868452333647,1.62,1.62,1.6324247304209756
0.00330589,1.2969992905729226,1.6182675818244583,1.6182675818244583,1.6182675818244583,1.638730647547168,1.638730647547168,1.638730647547168,1.638730681567048,1.660988438034272,1.660988438034272,1.660757215749178,1.62,1.62,1.6404930644212434
0.003321515,1.2287459052962642,1.6182622520040073,1.6182622520040073,1.6182622520040073,1.6455444667654604,1.6455444667654604,1.6455444667654604,1.6455445010750196,1.6746376819743805,1.6746376819743805,1.6744488236523376,1.62,1.62,1.6473176809245105
0.00333714,1.175528195461246,1.6182585203161166,1.6182585203161166,1.6182585203161166,1.650855521342395,1.650855521342395,1.650855521342395,1.6508555558487064,1.6852744794208308,1.6852744794208308,1.685135454634396,1.62,1.62,1.6526360759244545
0.003352765,1.1393912878119925,1.6182568156272548,1.6182568156272548,1.6182568156272548,1.6544600241997935,1.6544600241997935,1.6544600241997935,1.654460058800357,1.6924905426641377,1.6924905426641377,1.692406480569003,1.62,1.62,1.6562441057465576
0.00336839,1.1217239034436526,1.6182569183289,1.6182569183289,1.6182569183289,1.6562191424490138,1.6562191424490138,1.6562191424490138,1.6562191770396573,1.6960080791846688,1.6960080791846688,1.6959824253981266,1.62,1.62,1.6580028741641073
0.003384015,1.1232049900295191,1.618259109254171,1.618259109254171,1.618259109254171,1.656065587185277,1.656065587185277,1.656065587185277,1.6560656216603225,1.6956923982469616,1.6956923982469616,1.6957259218012837,1.62,1.62,1.6578450358384056
0.00339964,1.1437776302427007,1.6182630197657448,1.6182630197657448,1.6182630197657448,1.6540049463314146,1.6540049463314146,1.6540049463314146,1.6540049805914496,1.691555140188189,1.691555140188189,1.691646771324383,1.62,1.62,1.65577641082165
0.003415265,1.182651229057073,1.618268783689708,1.618268783689708,1.618268783689708,1.6501167214402244,1.6501167214402244,1.6501167214402244,1.6501167553923402,1.683755791665445,1.683755791665445,1.6839017888125338,1.62,1.62,1.6518767423209402
0.00343089,1.2383318958707654,1.6182758957530097,1.6182758957530097,1.6182758957530097,1.6445500224335523,1.6445500224335523,1.6445500224335523,1.6445500559983686,1.672593578152208,1.672593578152208,1.6727885526990671,1.62,1.62,1.6462956428201267
0.003446515,1.3086798538842055,1.6182843660777055,1.6182843660777055,1.6182843660777055,1.6375190859759845,1.6375190859759845,1.6375190859759845,1.637519119087373,1.658497959498473,1.658497959498473,1.6587341949639909,1.62,1.62,1.6392478419957268
0.00346214,1.3909916705225265,1.6182935860530707,1.6182935860530707,1.6182935860530707,1.6292937953672897,1.6292937953672897,1.6292937953672897,1.6292938279781135,1.6420101151318307,1.6420101151318307,1.642278758613881,1.62,1.62,1.6310039292057377
0.003477765,1.4821041488333155,1.6183034841298882,1.6183034841298882,1.6183034841298882,1.6201905547241149,1.6201905547241149,1.6201905547241149,1.620190586804974,1.6237641741696298,1.6237641741696298,1.624054674577759,1.62,1.62,1.621880968675467
0.00349339,1.578515887371556,1.6183133974927295,1.6183133974927295,1.6183133974927295,1.610558885563249,1.610558885563249,1.610558885563249,1.6105589171065426,1.604460802252879,1.604460802252879,1.6047622249039906,1.62,1.62,1.6122292928166904
0.003509015,1.6765218370935493,1.6183232272852508,1.6183232272852508,1.6183232272852508,1.6007692376140314,1.6007692376140314,1.6007692376140314,1.6007692686314503,1.584842336074321,1.584842336074321,1.585142866565327,1.62,1.62,1.6024200696129214
0.00352464,1.772355684313849,1.618332313974421,1.618332313974421,1.618332313974421,1.5911975113651955,1.5911975113651955,1.5911975113651955,1.591197541889939,1.5656621781337037,1.5656621781337037,1.565950499996121,1.62,1.62,1.592829999909978
0.003540265,1.8623345880280195,1.6183405898165848,1.6183405898165848,1.6183405898165848,1.582211852252052,1.582211852252052,1.582211852252052,1.5822118823350215,1.5476579386826108,1.5476579386826108,1.5479227372663555,1.62,1.62,1.583827888500422
0.00355589,1.943000709427076,1.618347455649727,1.618347455649727,1.618347455649727,1.57415726464204,1.57415726464204,1.57415726464204,1.574157294352276,1.531520977701755,1.531520977701755,1.5317523134367184,1.62,1.62,1.575759415033375
0.003571515,2.011254094703737,1.6183529284252027,1.6183529284252027,1.6183529284252027,1.5673435904672928,1.5673435904672928,1.5673435904672928,1.5673436198870674,1.5178719658702096,1.5178719658702096,1.5180607102713837,1.62,1.62,1.5689349145988298
0.00358714,2.064471804538755,1.6183565173501904,1.6183565173501904,1.6183565173501904,1.562032366646486,1.562032366646486,1.562032366646486,1.5620323958702562,1.5072348853458106,1.5072348853458106,1.5073740253814585,1.62,1.62,1.563616378046036
0.003602765,2.1006087121880084,1.618358364659192,1.618358364659192,1.618358364659192,1.5584280084683833,1.5584280084683833,1.5584280084683833,1.558428037597186,1.50001905844488,1.50001905844488,1.500103004800896,1.62,1.62,1.5600084664083285
0.00361839,2.118276096556348,1.6183581195283216,1.6183581195283216,1.6183581195283216,1.5566687213460495,1.5566687213460495,1.5566687213460495,1.5566687504854524,1.4965012345850537,1.4965012345850537,1.4965270054576592,1.62,1.62,1.5582495543085086
0.003634015,2.116795009970481,1.6183560708907,1.6183560708907,1.6183560708907,1.556822420927049,1.556822420927049,1.556822420927049,1.5568224501814028,1.4968171561846355,1.4968171561846355,1.4967835150351192,1.62,1.62,1.5584075129772434
0.00364964,2.0962223697573004,1.618352018281194,1.618352018281194,1.618352018281194,1.5588828932763388,1.5588828932763388,1.5588828932763388,1.558882922746314,1.5009541225559575,1.5009541225559575,1.5008626103808351,1.62,1.62,1.5604759921389315
0.003665265,2.0573487709429283,1.6183463963147628,1.6183463963147628,1.6183463963147628,1.5627712621257708,1.5627712621257708,1.5627712621257708,1.5627712919030874,1.508753716149695,1.508753716149695,1.5086075995127834,1.62,1.62,1.5643757831859055
0.00368089,2.001668104129236,1.6183391424824591,1.6183391424824591,1.6183391424824591,1.5683377929934008,1.5683377929934008,1.5683377929934008,1.5683378231585592,1.5199156335374049,1.5199156335374049,1.5197207798655594,1.62,1.62,1.569956734613834
0.003696515,1.931320146115796,1.618330813787532,1.618330813787532,1.618330813787532,1.5753688730524045,1.5753688730524045,1.5753688730524045,1.5753689036704823,1.5340115017605764,1.5340115017605764,1.5337751448713326,1.62,1.62,1.5770046602323815
0.00371214,1.8490083294774755,1.6183214523697516,1.6183214523697516,1.6183214523697516,1.5835939958852605,1.5835939958852605,1.5835939958852605,1.5835940270043738,1.550499045472724,1.550499045472724,1.550230524819273,1.62,1.62,1.58524842268647
0.003727765,1.7578958511666831,1.6183116955972734,1.6183116955972734,1.6183116955972734,1.5926973797757331,1.5926973797757331,1.5926973797757331,1.5926974114243748,1.5687452405950262,1.5687452405950262,1.5684546167892386,1.62,1.62,1.5943715103047484
0.00374339,1.6614841126284423,1.6183016411162785,1.6183016411162785,1.6183016411162785,1.6023288815211805,1.6023288815211805,1.6023288815211805,1.6023289137077867,1.5880483072356737,1.5880483072356737,1.5877470094071495,1.62,1.62,1.604023033518076
0.003759015,1.5634781629064491,1.6182919523049826,1.6182919523049826,1.6182919523049826,1.612118672366225,1.612118672366225,1.612118672366225,1.6121187050783423,1.6076670322580624,1.6076670322580624,1.607366376354698,1.62,1.62,1.6138323861505748
0.00377464,1.4676443156861465,1.6182827248196143,1.6182827248196143,1.6182827248196143,1.621690231557852,1.621690231557852,1.621690231557852,1.6216902647629703,1.626846880206913,1.626846880206913,1.6265586852022114,1.62,1.62,1.6234223008516706
0.003790265,1.377665411971976,1.6182745896378563,1.6182745896378563,1.6182745896378563,1.6306760332177908,1.6306760332177908,1.6306760332177908,1.6306760668643931,1.644851383281286,1.644851383281286,1.6445864572289437,1.62,1.62,1.6324245440782097
0.00380589,1.2969992905729202,1.6182675833281883,1.6182675833281883,1.6182675833281883,1.638730454125797,1.638730454125797,1.638730454125797,1.638730488145384,1.660988029458011,1.660988029458011,1.6607568226578375,1.62,1.62,1.6404928601384483
0.003821515,1.228745905296262,1.6182622508945763,1.6182622508945763,1.6182622508945763,1.6455442705005172,1.6455442705005172,1.6455442705005172,1.6455443048103509,1.6746373097884948,1.6746373097884948,1.6744484358201714,1.62,1.62,1.647317494826455
0.00383714,1.1755281954612444,1.618258521810466,1.618258521810466,1.618258521810466,1.650855327972425,1.650855327972425,1.650855327972425,1.6508553624784383,1.685274070598749,1.685274070598749,1.6851350616176652,1.62,1.62,1.6526358715189056
0.003852765,1.1393912878119914,1.618256814527042,1.618256814527042,1.618256814527042,1.6544598280066836,1.6544598280066836,1.6544598280066836,1.6544598626075266,1.692490170974378,1.692490170974378,1.692406092909523,1.62,1.62,1.656243919896511
0.00386839,1.1217239034436524,1.618256919813947,1.618256919813947,1.618256919813947,1.6562189491305626,1.6562189491305626,1.6562189491305626,1.6562189837209034,1.6960076701098827,1.6960076701098827,1.6959820324551664,1.62,1.62,1.658002669632359
0.003884015,1.1232049900295196,1.6182591081630997,1.6182591081630997,1.6182591081630997,1.6560653910638825,1.6560653910638825,1.6560653910638825,1.6560654255392118,1.695692027060428,1.695692027060428,1.6957255343154898,1.62,1.62,1.6578448502398464
0.00389964,1.1437776302427007,1.6182630212415656,1.6182630212415656,1.6182630212415656,1.6540047530642603,1.6540047530642603,1.6540047530642603,1.6540047873239878,1.691554730853272,1.691554730853272,1.6916463784539362,1.62,1.62,1.6557762061598482
0.003915265,1.182651229057073,1.6182687826077011,1.6182687826077011,1.6182687826077011,1.6501165253903125,1.6501165253903125,1.6501165253903125,1.6501165593427174,1.6837554209889842,1.6837554209889842,1.683901401501045,1.62,1.62,1.651876556977302
0.00393089,1.2383318958707654,1.6182758972196816,1.6182758972196816,1.6182758972196816,1.6445498292180405,1.6445498292180405,1.6445498292180405,1.6445498627825437,1.6725931685502071,1.6725931685502071,1.6727881599004486,1.62,1.62,1.646295438024918
0.003946515,1.3086798538842055,1.618284365004687,1.618284365004687,1.618284365004687,1.637518889997551,1.637518889997551,1.637518889997551,1.637518923109234,1.6584975893393696,1.6584975893393696,1.6587338078277738,1.62,1.62,1.639247656910738
0.00396214,1.3909916705225265,1.6182935875106688,1.6182935875106688,1.6182935875106688,1.6292936022031963,1.6292936022031963,1.6292936022031963,1.629293634813703,1.6420097052549083,1.6420097052549083,1.642278365885644,1.62,1.62,1.6310037242731297
0.003977765,1.482104148833315,1.618303483065783,1.618303483065783,1.618303483065783,1.6201903588168138,1.6201903588168138,1.6201903588168138,1.6201903908979725,1.6237638045349136,1.6237638045349136,1.62405428761739,1.62,1.62,1.621880783852586
0.00399339,1.578515887371556,1.6183133989413294,1.6183133989413294,1.6183133989413294,1.6105586924505806,1.6105586924505806,1.6105586924505806,1.6105587239935513,1.604460392093108,1.604460392093108,1.604761832244724,1.62,1.62,1.6122290877428485
0.004009015,1.6765218370935528,1.6183232262299845,1.6183232262299845,1.6183232262299845,1.6007690417777454,1.6007690417777454,1.6007690417777454,1.600769072795469,1.5848419669716762,1.5848419669716762,1.5851424797818987,1.62,1.62,1.6024198850559075
0.00402464,1.7723556843138524,1.6183323154140967,1.6183323154140967,1.6183323154140967,1.5911973183039552,1.5911973183039552,1.5911973183039552,1.5911973488283704,1.565661767683637,1.565661767683637,1.5659501074050273,1.62,1.62,1.592829794690991
0.004040265,1.8623345880280229,1.6183405887700828,1.6183405887700828,1.6183405887700828,1.5822116564867756,1.5822116564867756,1.5822116564867756,1.5822116865700553,1.5476575701197015,1.5476575701197015,1.5479223506608268,1.62,1.62,1.5838277042132205
0.00405589,1.9430007094270787,1.618347457080552,1.618347457080552,1.618347457080552,1.5741570716328008,1.5741570716328008,1.5741570716328008,1.5741571013427036,1.5315205669541938,1.5315205669541938,1.5317519209133457,1.62,1.62,1.575759209665832
0.004071515,2.011254094703737,1.618352927387391,1.618352927387391,1.618352927387391,1.567343394773477,1.567343394773477,1.567343394773477,1.567343424193567,1.5178715978560375,1.5178715978560375,1.5180603238459294,1.62,1.62,1.5689347305859165
0.00408714,2.064471804538755,1.6183565187722382,1.6183565187722382,1.6183565187722382,1.5620321736892528,1.5620321736892528,1.5620321736892528,1.562032202912684,1.507234474292907,1.507234474292907,1.5073736329248817,1.62,1.62,1.5636161725258773
0.004102765,2.1006087121880093,1.6183583636299983,1.6183583636299983,1.6183583636299983,1.558427812845341,1.558427812845341,1.558427812845341,1.5584278419744648,1.5000186909862652,1.5000186909862652,1.5001026185553883,1.62,1.62,1.5600082826731148
0.00411839,2.118276096556348,1.6183581209416646,1.6183581209416646,1.6183581209416646,1.556668528440599,1.556668528440599,1.556668528440599,1.5566685575796573,1.4965008232179524,1.4965008232179524,1.4965266130660235,1.62,1.62,1.5582493486313735
0.004134015,2.1167950099704806,1.618356069870051,1.618356069870051,1.618356069870051,1.5568222253751167,1.5568222253751167,1.5568222253751167,1.5568222546297972,1.4968167892907498,1.4968167892907498,1.4967831289716111,1.62,1.62,1.5584073295242462
0.00414964,2.096222369757299,1.6183520196859054,1.6183520196859054,1.6183520196859054,1.5588827004230172,1.5588827004230172,1.5588827004230172,1.5588827298926422,1.5009537108669797,1.5009537108669797,1.5008622180536588,1.62,1.62,1.5604757863009466
0.004165265,2.0573487709429266,1.618346395302588,1.618346395302588,1.618346395302588,1.56277106664449,1.56277106664449,1.56277106664449,1.5627710964221393,1.5087533498280998,1.5087533498280998,1.508607213631613,1.62,1.62,1.5643756000189222
0.00418089,2.0016681041292337,1.6183391438786106,1.6183391438786106,1.6183391438786106,1.5683376001917575,1.5683376001917575,1.5683376001917575,1.5683376303565597,1.5199152215170717,1.5199152215170717,1.5197203876006646,1.62,1.62,1.56995652861025
0.004196515,1.9313201461157932,1.6183308127837608,1.6183308127837608,1.6183308127837608,1.575368677641429,1.575368677641429,1.575368677641429,1.575368708259845,1.5340111360191429,1.5340111360191429,1.5337747591729882,1.62,1.62,1.5770044773554042
0.00421214,1.8490083294774724,1.6183214537574122,1.6183214537574122,1.6183214537574122,1.5835938031356405,1.5835938031356405,1.5835938031356405,1.5835938342543916,1.5504986331128316,1.5504986331128316,1.550230132615877,1.62,1.62,1.5852482165132558
0.004227765,1.7578958511666831,1.6183116946018343,1.6183116946018343,1.6183116946018343,1.5926971844355138,1.5926971844355138,1.5926971844355138,1.5926972160845,1.5687448754434177,1.5687448754434177,1.5684542312758731,1.62,1.62,1.5943713277226492
0.00424339,1.6614841126284423,1.6183016424955188,1.6183016424955188,1.6183016424955188,1.6023286888238155,1.6023286888238155,1.6023286888238155,1.6023287210100534,1.588047894527714,1.588047894527714,1.5877466172643484,1.62,1.62,1.6040228271709998
0.004259015,1.5634781629064491,1.6182919513178058,1.6182919513178058,1.6182919513178058,1.6121184770963033,1.6121184770963033,1.6121184770963033,1.6121185098087711,1.6076666677046645,1.6076666677046645,1.607365991027042,1.62,1.62,1.6138322038673976
0.00427464,1.4676443156861465,1.6182827261905046,1.6182827261905046,1.6182827261905046,1.6216900389124056,1.6216900389124056,1.6216900389124056,1.6216900721171492,1.626846467141491,1.626846467141491,1.626558293118339,1.62,1.62,1.623422094325848
0.004290265,1.3776654119719762,1.618274588658873,1.618274588658873,1.618274588658873,1.6306758380181618,1.6306758380181618,1.6306758380181618,1.6306758716651215,1.6448510193350214,1.6448510193350214,1.6445860720881065,1.62,1.62,1.6324243620985406
0.00430589,1.2969992905729202,1.6182675846907977,1.6182675846907977,1.6182675846907977,1.6387302615325006,1.6387302615325006,1.6387302615325006,1.6387302955517065,1.660987616025879,1.660987616025879,1.660756430631536,1.62,1.62,1.6404926534294793
0.004321515,1.2287459052962622,1.6182622499237176,1.6182622499237176,1.6182622499237176,1.645544075371063,1.645544075371063,1.645544075371063,1.6455441096812604,1.67463694645871,1.67463694645871,1.6744480508675252,1.62,1.62,1.6473173131548529
0.00433714,1.1755281954612444,1.6182585231648627,1.6182585231648627,1.6182585231648627,1.650855135431283,1.650855135431283,1.650855135431283,1.6508551699369092,1.6852736567906894,1.6852736567906894,1.6851346696477676,1.62,1.62,1.652635664622072
0.004352765,1.1393912878119914,1.6182568135642403,1.6182568135642403,1.6182568135642403,1.6544596329470591,1.6544596329470591,1.6544596329470591,1.6544596675482723,1.692489808269711,1.692489808269711,1.6924057081456032,1.62,1.62,1.6562437385373958
0.00436839,1.1217239034436524,1.618256921160199,1.618256921160199,1.618256921160199,1.656218756641351,1.656218756641351,1.656218756641351,1.656218791231298,1.6960072559157946,1.6960072559157946,1.6959816405397503,1.62,1.62,1.6580024625426264
0.004384015,1.1232049900295191,1.6182591072082868,1.6182591072082868,1.6182591072082868,1.656065196074083,1.656065196074083,1.656065196074083,1.6560652305497892,1.6956916649909572,1.6956916649909572,1.6957251497420822,1.62,1.62,1.65784466919807
0.00439964,1.1437776302427003,1.61826302257974,1.61826302257974,1.61826302257974,1.6540045606274385,1.6540045606274385,1.6540045606274385,1.6540045948867652,1.6915543162642273,1.6915543162642273,1.6916459865924387,1.62,1.62,1.655775998872773
0.004415265,1.1826512290570728,1.6182687816608103,1.6182687816608103,1.6182687816608103,1.6501163304704491,1.6501163304704491,1.6501163304704491,1.6501163644232375,1.6837550595644228,1.6837550595644228,1.6839010171194413,1.62,1.62,1.6518763762579245
0.00443089,1.2383318958707676,1.6182758985498449,1.6182758985498449,1.6182758985498449,1.6445496368334989,1.6445496368334989,1.6445496368334989,1.6445496703975946,1.672592753555943,1.672592753555943,1.672787768091121,1.62,1.62,1.6462952305353955
0.004446515,1.3086798538842082,1.618284364065652,1.618284364065652,1.618284364065652,1.637518695147505,1.637518695147505,1.637518695147505,1.6375187282595782,1.6584972285697333,1.6584972285697333,1.6587334236393787,1.62,1.62,1.6392474765186842
0.00446214,1.3909916705225291,1.618293588832887,1.618293588832887,1.618293588832887,1.6292934098711664,1.6292934098711664,1.6292934098711664,1.629293442481258,1.642009289845877,1.642009289845877,1.64227797412762,1.62,1.62,1.6310035165763
0.004477765,1.4821041488333186,1.6183034821345372,1.6183034821345372,1.6183034821345372,1.6201901640366947,1.6201901640366947,1.6201901640366947,1.620190196118251,1.6237634444307574,1.6237634444307574,1.6240539036239954,1.62,1.62,1.6218806037931046
0.00449339,1.5785158873715597,1.6183134002556685,1.6183134002556685,1.6183134002556685,1.6105585001712936,1.6105585001712936,1.6105585001712936,1.6105585317138424,1.60445997625934,1.60445997625934,1.604761440536886,1.62,1.62,1.6122288798337567
0.004509015,1.6765218370935526,1.6183232253064626,1.6183232253064626,1.6183232253064626,1.6007688470674355,1.6007688470674355,1.6007688470674355,1.600768878085564,1.584841607543069,1.584841607543069,1.5851420959846518,1.62,1.62,1.6024197053341167
0.00452464,1.7723556843138522,1.618332316720622,1.618332316720622,1.618332316720622,1.5911971260771878,1.5911971260771878,1.5911971260771878,1.591197156601174,1.5656613514140605,1.5656613514140605,1.565949715745323,1.62,1.62,1.5928295865641269
0.004540265,1.8623345880280224,1.6183405878542212,1.6183405878542212,1.6183405878542212,1.5822114618458167,1.5822114618458167,1.5822114618458167,1.5822114919295085,1.5476572113765623,1.5476572113765623,1.5479219670605395,1.62,1.62,1.5838275248339966
0.00455589,1.9430007094270785,1.6183474583793274,1.6183474583793274,1.6183474583793274,1.5741568794584435,1.5741568794584435,1.5741568794584435,1.5741569091679095,1.531520150237882,1.531520150237882,1.5317515293000346,1.62,1.62,1.575759001315699
0.004571515,2.011254094703737,1.6183529264791243,1.6183529264791243,1.6183529264791243,1.5673432002018646,1.5673432002018646,1.5673432002018646,1.5673432296223744,1.5178712398091598,1.5178712398091598,1.5180599404441093,1.62,1.62,1.5689345515546944
0.00458714,2.064471804538755,1.6183565200633288,1.6183565200633288,1.6183565200633288,1.5620319815673094,1.5620319815673094,1.5620319815673094,1.5620320107902963,1.5072340571186325,1.5072340571186325,1.507373241356124,1.62,1.62,1.5636159639469889
0.004602765,2.1006087121880093,1.618358362729264,1.618358362729264,1.618358362729264,1.5584276183428445,1.5584276183428445,1.5584276183428445,1.558427647472395,1.5000183336462904,1.5000183336462904,1.5001022353531972,1.62,1.62,1.5600081039952052
0.00461839,2.118276096556348,1.6183581222251335,1.6183581222251335,1.6183581222251335,1.5566683363710734,1.5566683363710734,1.5566683363710734,1.5566683655096794,1.4965004055747486,1.4965004055747486,1.4965262215404125,1.62,1.62,1.5582491398181386
0.004634015,2.1167950099704806,1.618356068976786,1.618356068976786,1.618356068976786,1.5568220309415044,1.5568220309415044,1.5568220309415044,1.55682206019662,1.496816432668402,1.496816432668402,1.4967827459701366,1.62,1.62,1.5584071512050648
0.00464964,2.096222369757299,1.618352020961815,1.618352020961815,1.618352020961815,1.558882508405913,1.558882508405913,1.558882508405913,1.558882537875078,1.5009532927433435,1.5009532927433435,1.5008618265694142,1.62,1.62,1.5604755772476702
0.004665265,2.0573487709429266,1.6183463944167291,1.6183463944167291,1.6183463944167291,1.5627708722799851,1.5627708722799851,1.5627708722799851,1.5627709020580776,1.5087529939355389,1.5087529939355389,1.5086068308331664,1.62,1.62,1.564375422064448
0.00468089,2.0016681041292337,1.6183391451470226,1.6183391451470226,1.6183391451470226,1.5683374082275332,1.5683374082275332,1.5683374082275332,1.5683374383918671,1.519914802902339,1.519914802902339,1.519719996157065,1.62,1.62,1.56995631931158
0.004696515,1.9313201461157932,1.618330811905246,1.618330811905246,1.618330811905246,1.5753684833460289,1.5753684833460289,1.5753684833460289,1.5753685139648963,1.534010780868042,1.534010780868042,1.5337743765792275,1.62,1.62,1.577004299771498
0.00471214,1.8490083294774728,1.6183214550183898,1.6183214550183898,1.6183214550183898,1.5835936112240725,1.5835936112240725,1.5835936112240725,1.5835936423423471,1.5504982139947845,1.5504982139947845,1.550229741210834,1.62,1.62,1.5852480069630468
0.004727765,1.7578958511666831,1.6183116937306026,1.6183116937306026,1.6183116937306026,1.5926969902088728,1.5926969902088728,1.5926969902088728,1.5926970218583183,1.5687445210450677,1.5687445210450677,1.568453848887862,1.62,1.62,1.5943711505149425
0.00474339,1.6614841126284428,1.618301643749123,1.618301643749123,1.618301643749123,1.6023284969647942,1.6023284969647942,1.6023284969647942,1.6023285291505476,1.5880474748940565,1.5880474748940565,1.5877462258958868,1.62,1.62,1.6040226173631102
0.004759015,1.5634781629064494,1.6182919504537956,1.6182919504537956,1.6182919504537956,1.6121182829383034,1.6121182829383034,1.6121182829383034,1.6121183156512393,1.607666314070885,1.607666314070885,1.6073656088461763,1.62,1.62,1.6138320270418631
0.00477464,1.4676443156861465,1.6182827274367964,1.6182827274367964,1.6182827274367964,1.6216898471061625,1.6216898471061625,1.6216898471061625,1.6216898803104127,1.626846046980307,1.626846046980307,1.626557901785052,1.62,1.62,1.6234218842543602
0.004790265,1.3776654119719762,1.6182745878020233,1.6182745878020233,1.6182745878020233,1.6306756439290275,1.6306756439290275,1.6306756439290275,1.6306756775764637,1.6448506664789546,1.6448506664789546,1.6445856901168991,1.62,1.62,1.6324241856616104
0.00480589,1.2969992905729204,1.618267585929836,1.618267585929836,1.618267585929836,1.638730069779493,1.638730069779493,1.638730069779493,1.6387301037981972,1.6609871953254096,1.6609871953254096,1.6607560393324026,1.62,1.62,1.6404924430885857
0.004821515,1.2287459052962622,1.6182622490739689,1.6182622490739689,1.6182622490739689,1.6455438813509042,1.6455438813509042,1.6455438813509042,1.645543915661587,1.674636594392894,1.674636594392894,1.6744476691076924,1.62,1.62,1.6473171371129631
0.00483714,1.1755281954612444,1.6182585243967085,1.6182585243967085,1.6182585243967085,1.6508549437314013,1.6508549437314013,1.6508549437314013,1.6508549782365165,1.6852732355381914,1.6852732355381914,1.6851342783809755,1.62,1.62,1.6526354540052757
0.004852765,1.1393912878119914,1.6182568127215324,1.6182568127215324,1.6182568127215324,1.6544594389957583,1.6544594389957583,1.6544594389957583,1.6544594735974656,1.692489457007207,1.692489457007207,1.6924053265991577,1.62,1.62,1.6562435628968757
0.00486839,1.1217239034436524,1.6182569223849104,1.6182569223849104,1.6182569223849104,1.656218564994827,1.656218564994827,1.656218564994827,1.6562185995842538,1.6960068340985692,1.6960068340985692,1.6959812493037576,1.62,1.62,1.658002251643651
0.004884015,1.1232049900295191,1.6182591063725615,1.6182591063725615,1.6182591063725615,1.6560650021916368,1.6560650021916368,1.6560650021916368,1.6560650366678469,1.695691314544221,1.695691314544221,1.6957247684102383,1.62,1.62,1.6578444939654862
0.00489964,1.1437776302427003,1.6182630237973767,1.6182630237973767,1.6182630237973767,1.6540043690341608,1.6540043690341608,1.6540043690341608,1.6540044032929584,1.6915538938688164,1.6915538938688164,1.6916455953851304,1.62,1.62,1.6557757876848769
0.004915265,1.1826512290570728,1.6182687808320089,1.6182687808320089,1.6182687808320089,1.650116136656513,1.650116136656513,1.650116136656513,1.6501161706098142,1.6837547099467742,1.6837547099467742,1.6839006360040538,1.62,1.62,1.6518762014396258
0.00493089,1.2383318958707674,1.6182758997604645,1.6182758997604645,1.6182758997604645,1.644549445293358,1.644549445293358,1.644549445293358,1.6445494788569153,1.6725923305687092,1.6725923305687092,1.672787376910445,1.62,1.62,1.6462950190517087
0.004946515,1.3086798538842082,1.6182843632437165,1.6182843632437165,1.6182843632437165,1.637518501401961,1.637518501401961,1.637518501401961,1.6375185345145569,1.6584968797945605,1.6584968797945605,1.6587330427421354,1.62,1.62,1.639247302121377
0.00496214,1.3909916705225291,1.618293590036549,1.618293590036549,1.618293590036549,1.629293218384053,1.629293218384053,1.629293218384053,1.6292932509935965,1.6420088662526608,1.6420088662526608,1.642277582971241,1.62,1.62,1.6310033047898236
0.004977765,1.482104148833322,1.6183034813194102,1.6183034813194102,1.6183034813194102,1.6201899703593126,1.6201899703593126,1.6201899703593126,1.6201900024414009,1.6237630965111751,1.6237630965111751,1.6240535229460806,1.62,1.62,1.621880429823512
0.00499339,1.5785158873715628,1.6183134014524283,1.6183134014524283,1.6183134014524283,1.610558308737437,1.610558308737437,1.610558308737437,1.610558340279428,1.6044595520465883,1.6044595520465883,1.604761049403265,1.62,1.62,1.612228667737702
0.005,1.6199999999999988,1.6183175910357668,1.6183175910357668,1.6183175910357668,1.6064143742095756,1.6064143742095756,1.6064143742095756,1.6064144055317178,1.5961553063254807,1.5961553063254807,1.5964561349745483,1.62,1.62,1.608076549010631
