TIME1,V1,V2,V3,V4,V5,V6,V7,V8,V9,V10,V11,V12,V13,V14,label
0.0,0.4999045542858294,0.4980857527130573,0.4980857527130573,0.4980857527130573,0.4872737121611,0.4872737121611,0.4872737121611,0.4872733256233706,0.4840374202046234,0.4840374202046234,0.485097529580377,0.0,0.0,0.4838984144315214,2
1e-07,0.5001664112122934,0.4982241041480857,0.4982241041480857,0.4982241041480857,0.4871386211070312,0.4871386211070312,0.4871386211070312,0.4871382275436279,0.4836133827524348,0.4836133827524348,0.4849740505978657,0.0,0.0,0.4834739166244544,2
2e-07,0.5004282677252495,0.4982486511644381,0.4982486511644381,0.4982486511644381,0.4869637403170038,0.4869637403170038,0.4869637403170038,0.4869633401749254,0.4833153574242023,0.4833153574242023,0.4848001365691325,0.0,0.0,0.4831754880202247,2
4e-07,0.5009519778566107,0.4982597916889912,0.4982597916889912,0.4982597916889912,0.4866007111945978,0.4866007111945978,0.4866007111945978,0.4866002956592181,0.4825235126351601,0.4825235126351601,0.4843241173766409,0.0,0.0,0.4823826730965178,2
8e-07,0.5019993749630476,0.4982579509173908,0.4982579509173908,0.4982579509173908,0.4858662375208795,0.4858662375208795,0.4858662375208795,0.4858657934214087,0.4811786575943587,0.4811786575943587,0.48306024493046,0.0,0.0,0.4810360527934667,2
1.6e-06,0.5040939839295228,0.4982712680574375,0.4982712680574375,0.4982712680574375,0.4844033722103007,0.4844033722103007,0.4844033722103007,0.4844028672439151,0.4781037042412822,0.4781037042412822,0.480169542531972,0.0,0.0,0.4779572791546003,2
3.2e-06,0.5082817200156476,0.4982834061453345,0.4982834061453345,0.4982834061453345,0.4814736469378903,0.4814736469378903,0.4814736469378903,0.4814730249113534,0.4724279932299577,0.4724279932299577,0.4744004064478272,0.0,0.0,0.4722742877212667,2
6.4e-06,0.5166453413923175,0.4983207852745823,0.4983207852745823,0.4983207852745823,0.475627222610989,0.475627222610989,0.475627222610989,0.4756263615833213,0.4605632345708578,0.4605632345708578,0.462824184674938,0.0,0.0,0.460394587020259,2
1.24799999999e-05,0.5324505115582953,0.4983806083656374,0.4983806083656374,0.4983806083656374,0.4645756714264742,0.4645756714264742,0.4645756714264742,0.4645743631725116,0.4385898338426818,0.4385898338426818,0.440996945656822,0.0,0.0,0.4383932903450048,2
2.46399999999e-05,0.5634000581955866,0.4984989721727779,0.4984989721727779,0.4984989721727779,0.4429370965173978,0.4429370965173978,0.4429370965173978,0.4429349106574367,0.3953720411141698,0.3953720411141698,0.3982209144369997,0.0,0.0,0.3951207288379569,2
4.02649999999e-05,0.6008995178206722,0.4986364903573572,0.4986364903573572,0.4986364903573572,0.4167211093666636,0.4167211093666636,0.4167211093666636,0.416717860349528,0.3430216637010378,0.3430216637010378,0.3463705336471213,0.0,0.0,0.3427040043249587,2
5.58899999999e-05,0.6345177976357419,0.4987506068899234,0.4987506068899234,0.4987506068899234,0.3932201487105025,0.3932201487105025,0.3932201487105025,0.3932159466868029,0.2960974799326417,0.2960974799326417,0.2998487155794694,0.0,0.0,0.2957203481380138,2
7.1515e-05,0.6629629660008509,0.4988424313164992,0.4988424313164992,0.4988424313164992,0.3733392399166803,0.3733392399166803,0.3733392399166803,0.3733342317307678,0.2564058808845524,0.2564058808845524,0.260470957819048,0.0,0.0,0.2559784411327868,2
8.714e-05,0.6851418910479624,0.4989018861682579,0.4989018861682579,0.4989018861682579,0.3578401047845185,0.3578401047845185,0.3578401047845185,0.357834468189985,0.2254697887979462,0.2254697887979462,0.2297191043462175,0.0,0.0,0.2250031347268475,2
0.000102765,0.7002022491256006,0.4989331989652865,0.4989331989652865,0.4989331989652865,0.3473206426302542,0.3473206426302542,0.3473206426302542,0.3473145796003762,0.2044804104225024,0.2044804104225024,0.2088044306891415,0.0,0.0,0.2039871467290805,2
0.00011839,0.7075652791187876,0.4989286901974901,0.4989286901974901,0.4989286901974901,0.3421828454684277,0.3421828454684277,0.3421828454684277,0.3421765742945439,0.1942420510069469,0.1942420510069469,0.1985029767189359,0.0,0.0,0.1937358009521445,2
0.000134015,0.7069480239141203,0.4988949733932268,0.4988949733932268,0.4988949733932268,0.3426264070069331,0.3426264070069331,0.3426264070069331,0.3426201540480756,0.1951504213133509,0.1951504213133509,0.1992366252321712,0.0,0.0,0.1946453111945211,2
0.0001496399999999,0.6983742042829529,0.498826939721197,0.498826939721197,0.498826939721197,0.3486320414518249,0.3486320414518249,0.3486320414518249,0.3486260322988299,0.2071683972914462,0.2071683972914462,0.2109527658342624,0.0,0.0,0.2066785056631281,2
0.000165265,0.6821733073054587,0.4987335727556794,0.4987335727556794,0.4987335727556794,0.3599711817966023,0.3599711817966023,0.3599711817966023,0.3599656327384623,0.2298363068558281,0.2298363068558281,0.2332240746904964,0.0,0.0,0.2293751313227108,2
0.00018089,0.658967924366914,0.4986121267238603,0.4986121267238603,0.4986121267238603,0.3762058559963273,0.3762058559963273,0.3762058559963273,0.3762009655739553,0.2622808991524988,0.2622808991524988,0.2651731563761194,0.0,0.0,0.2618608299263033,2
0.000196515,0.6296498253199189,0.4984735675122209,0.4984735675122209,0.4984735675122209,0.3967143762057033,0.3967143762057033,0.3967143762057033,0.3967103177152214,0.3032574426220297,0.3032574426220297,0.3055924275287279,0.0,0.0,0.3028892940274584,2
0.00021214,0.59534568826907,0.4983169559168847,0.4983169559168847,0.4983169559168847,0.4207064206784657,0.4207064206784657,0.4207064206784657,0.4207033353796536,0.3511891681564124,0.3511891681564124,0.3529096301492904,0.0,0.0,0.3508817554677485,2
0.000227765,0.5573738019632498,0.4981545397966869,0.4981545397966869,0.4981545397966869,0.4472621659084297,0.4472621659084297,0.4472621659084297,0.447260157726882,0.4042361136367834,0.4042361136367834,0.4053241946115309,0.0,0.0,0.4039959218097969,2
0.00024339,0.5171934046983115,0.4979863657429733,0.4979863657429733,0.4979863657429733,0.4753589228037906,0.4753589228037906,0.4753589228037906,0.4753580542075737,0.460357716534949,0.460357716534949,0.4608051425287126,0.0,0.0,0.4601886435699858,2
0.000259015,0.4763486066077208,0.4978250573958931,0.4978250573958931,0.4978250573958931,0.5039191020919361,0.5039191020919361,0.5039191020919361,0.5039193918194003,0.5173992201378984,0.5173992201378984,0.5172360612233864,0.0,0.0,0.5173024346339707,2
0.00027464,0.436409050376072,0.4976706869058089,0.4976706869058089,0.4976706869058089,0.5318430092253746,0.5318430092253746,0.5318430092253746,0.531844431437708,0.573166612514605,0.573166612514605,0.5724336121974642,0.0,0.0,0.5731405014779392,2
0.000290265,0.3989095907509865,0.4975352797441457,0.4975352797441457,0.4975352797441457,0.5580596737788277,0.5580596737788277,0.5580596737788277,0.5580621591793171,0.6255186926417505,0.6255186926417505,0.6242904083677319,0.0,0.0,0.6255589306881495,2
0.00030589,0.3652913109359169,0.497417979976881,0.497417979976881,0.497417979976881,0.5815594846868147,0.5815594846868147,0.5815594846868147,0.5815629230586125,0.67244171428526,0.67244171428526,0.6708006438107206,0.0,0.0,0.6725414227110382,2
0.000321515,0.3368461425708078,0.4973293216038499,0.4973293216038499,0.4973293216038499,0.6014414636827851,0.6014414636827851,0.6014414636827851,0.6014457082487524,0.7121343093348325,0.7121343093348325,0.7101891351690208,0.0,0.0,0.7122843275500033,2
0.00033714,0.3146672175236962,0.4972667186093593,0.4972667186093593,0.4972667186093593,0.6169394613477177,0.6169394613477177,0.6169394613477177,0.6169443342876847,0.7430692774190698,0.7430692774190698,0.7409307712357427,0.0,0.0,0.7432585079559966,2
0.000352765,0.2996068594460581,0.4972385369926315,0.4972385369926315,0.4972385369926315,0.6274599815227934,0.6274599815227934,0.6274599815227934,0.6274652809294491,0.7640596156204176,0.7640596156204176,0.7618548964210919,0.0,0.0,0.7642754575719077,2
0.00036839,0.2922438294528712,0.4972399322733634,0.4972399322733634,0.4972399322733634,0.6325966533459227,0.6325966533459227,0.6325966533459227,0.6326021608625569,0.7742968854663268,0.7742968854663268,0.7721473370521135,0.0,0.0,0.7745257118201367,2
0.000384015,0.2928610846575386,0.4972767458181688,0.4972767458181688,0.4972767458181688,0.6321541377984138,0.6321541377984138,0.6321541377984138,0.632159627130791,0.7733894422840103,0.7733894422840103,0.7714220093474301,0.0,0.0,0.7736171304570372,2
0.00039964,0.301434904288706,0.4973417002281111,0.4973417002281111,0.4973417002281111,0.6261473899926924,0.6261473899926924,0.6261473899926924,0.6261526354857385,0.761370407897871,0.761370407897871,0.7596979173285275,0.0,0.0,0.7615828756571899,2
0.000415265,0.3176358012662005,0.497438129922326,0.497438129922326,0.497438129922326,0.6148092837587054,0.6148092837587054,0.6148092837587054,0.6148140691871247,0.7387033958360604,0.7387033958360604,0.7374339320597436,0.0,0.0,0.7388871492207627,2
0.00043089,0.3408411842047453,0.4975565304918818,0.4975565304918818,0.4975565304918818,0.59857350802743,0.59857350802743,0.59857350802743,0.5985776347871388,0.7062577733919743,0.7062577733919743,0.7054778355012162,0.0,0.0,0.7064004185800381,2
0.000446515,0.3701592832517406,0.4976981188427838,0.4976981188427838,0.4976981188427838,0.578066010196307,0.578066010196307,0.578066010196307,0.5780693050538435,0.665282100536241,0.665282100536241,0.6650650084673627,0.0,0.0,0.6653728267809556,2
0.00046214,0.4044634203025894,0.497851718355994,0.497851718355994,0.497851718355994,0.5540728758744914,0.5540728758744914,0.5540728758744914,0.5540751975079129,0.6173493705401646,0.6173493705401646,0.6177416169274474,0.0,0.0,0.6173793590206509,2
0.000477765,0.4424353066084097,0.4980171304430016,0.4980171304430016,0.4980171304430016,0.5275181414361068,0.5275181414361068,0.5275181414361068,0.5275193859814986,0.5643032712113328,0.5643032712113328,0.5653327209790374,0.0,0.0,0.5642660404880591,2
0.00049339,0.4826157038733476,0.4981823253804345,0.4981823253804345,0.4981823253804345,0.4994203062293411,0.4994203062293411,0.4994203062293411,0.4994204111574283,0.5081806872503939,0.5081806872503939,0.5098463125500636,0.0,0.0,0.5080723358362205,2
0.000509015,0.5234605019639385,0.4983465969334908,0.4983465969334908,0.4983465969334908,0.4708611262899027,0.4708611262899027,0.4708611262899027,0.4708600729230849,0.4511400074923128,0.4511400074923128,0.4534203783768047,0.0,0.0,0.4509593702465009,2
0.00052464,0.5634000581955871,0.4984980208641723,0.4984980208641723,0.4984980208641723,0.4429361522396882,0.4429361522396882,0.4429361522396882,0.4429339663564757,0.395371655418849,0.395371655418849,0.3982180092580222,0.0,0.0,0.3951203419046797,2
0.000540265,0.6008995178206732,0.4986363588773135,0.4986363588773135,0.4986363588773135,0.416720475734243,0.416720475734243,0.416720475734243,0.4167172266912141,0.3430203787473747,0.3430203787473747,0.3463655944238912,0.0,0.0,0.3427027177525839,2
0.00055589,0.6345177976357423,0.4987507442383374,0.4987507442383374,0.4987507442383374,0.3932196091630132,0.3932196091630132,0.3932196091630132,0.3932154071175777,0.2960964169645951,0.2960964169645951,0.2998511073116848,0.0,0.0,0.2957192838155859,2
0.000571515,0.6629629660008513,0.4988423015094576,0.4988423015094576,0.4988423015094576,0.3733386070544703,0.3733386070544703,0.3733386070544703,0.3733335988427882,0.2564046066878326,0.2564046066878326,0.2604664653794415,0.0,0.0,0.2559771653264269,2
0.00058714,0.685141891047963,0.4989020218523476,0.4989020218523476,0.4989020218523476,0.357839564840353,0.357839564840353,0.357839564840353,0.3578339282239812,0.2254687164107107,0.2254687164107107,0.2297210771786682,0.0,0.0,0.2250020609775933,2
0.000602765,0.7002022491256008,0.4989330708097323,0.4989330708097323,0.4989330708097323,0.3473200105306246,0.3473200105306246,0.3473200105306246,0.3473139474750889,0.204479145820367,0.204479145820367,0.2088003323778001,0.0,0.0,0.2039858805254289,2
0.00061839,0.7075652791187876,0.4989288242386323,0.4989288242386323,0.4989288242386323,0.3421823051349416,0.3421823051349416,0.3421823051349416,0.3421760339391278,0.194240970291937,0.194240970291937,0.1985045801039742,0.0,0.0,0.1937347188683548,2
0.000634015,0.7069480239141203,0.4988948468679215,0.4988948468679215,0.4988948468679215,0.3426257756624054,0.3426257756624054,0.3426257756624054,0.3426195226779916,0.1951491652802659,0.1951491652802659,0.1992328746041932,0.0,0.0,0.1946440535672192,2
0.00064964,0.6983742042829529,0.4988270721404921,0.4988270721404921,0.4988270721404921,0.3486315007364207,0.3486315007364207,0.3486315007364207,0.3486254915614141,0.2071673092120056,0.2071673092120056,0.2109540433919348,0.0,0.0,0.2066774162088594,2
0.000665265,0.6821733073054581,0.4987334478396605,0.4987334478396605,0.4987334478396605,0.3599705511998828,0.3599705511998828,0.3599705511998828,0.3599650021162787,0.2298350584869692,0.2298350584869692,0.2332206307789852,0.0,0.0,0.2293738813662885,2
0.00068089,0.6589679243669132,0.4986122575421352,0.4986122575421352,0.4986122575421352,0.376205314906223,0.376205314906223,0.376205314906223,0.3762004244617664,0.2622798045584637,0.2622798045584637,0.2651741465815206,0.0,0.0,0.2618597339520562,2
0.000696515,0.629649825319918,0.4984734441847975,0.4984734441847975,0.4984734441847975,0.3967137463494836,0.3967137463494836,0.3967137463494836,0.3967096878336217,0.3032562011188562,0.3032562011188562,0.3055892541984932,0.0,0.0,0.3028880509427167,2
0.00071214,0.5953456882690692,0.4983170851546963,0.4983170851546963,0.4983170851546963,0.4207058792208272,0.4207058792208272,0.4207058792208272,0.4207027938998652,0.3511880677977616,0.3511880677977616,0.3529103669396397,0.0,0.0,0.3508806537240888,2
0.000727765,0.5573738019632488,0.4981544180374384,0.4981544180374384,0.4981544180374384,0.4472615367854538,0.4472615367854538,0.4472615367854538,0.4472595285786028,0.4042348782944908,0.4042348782944908,0.405321259989214,0.0,0.0,0.4039946848913959,2
0.00074339,0.5171934046983107,0.4979864934206102,0.4979864934206102,0.4979864934206102,0.4753583809855667,0.4753583809855667,0.4753583809855667,0.4753575123671412,0.4603566110732258,0.4603566110732258,0.4608056558382197,0.0,0.0,0.4601875367189947,2
0.000759015,0.4763486066077201,0.4978249371846615,0.4978249371846615,0.4978249371846615,0.5039184736950981,0.5039184736950981,0.5039184736950981,0.5039187633973295,0.5173979903346149,0.5173979903346149,0.517233337195031,0.0,0.0,0.5173012032595636,2
0.00077464,0.4364090503760712,0.4976708130432992,0.4976708130432992,0.4976708130432992,0.5318424670535288,0.5318424670535288,0.5318424670535288,0.5318438892436012,0.5731655025338278,0.5731655025338278,0.572433928429948,0.0,0.0,0.5731393901040682,2
0.000790265,0.3989095907509856,0.4975351610610348,0.4975351610610348,0.4975351610610348,0.5580590461011068,0.5580590461011068,0.5580590461011068,0.5580615314764283,0.6255174678287131,0.6255174678287131,0.6242878701353471,0.0,0.0,0.625557704308493,2
0.00080589,0.365291310935916,0.4974181045939922,0.4974181045939922,0.4974181045939922,0.5815589421681936,0.5815589421681936,0.5815589421681936,0.5815623805176826,0.6724406003007217,0.6724406003007217,0.6708007862556624,0.0,0.0,0.6725403073300087,2
0.000821515,0.3368461425708071,0.4973292044292212,0.4973292044292212,0.4973292044292212,0.6014408367173103,0.6014408367173103,0.6014408367173103,0.6014450812581696,0.7121330890277006,0.7121330890277006,0.7101867608594062,0.0,0.0,0.7122831056804808,2
0.00083714,0.3146672175236957,0.4972668417256014,0.4972668417256014,0.4972668417256014,0.6169389184891164,0.6169389184891164,0.6169389184891164,0.6169437914067324,0.7430681598857429,0.7430681598857429,0.7409307604359028,0.0,0.0,0.7432573890230181,2
0.000852765,0.2996068594460579,0.4972384213071019,0.4972384213071019,0.4972384213071019,0.6274593552626455,0.6274593552626455,0.6274593552626455,0.6274646546442485,0.7640583993916276,0.7640583993916276,0.7618526667408386,0.0,0.0,0.7642742397845363,2
0.00086839,0.2922438294528711,0.4972400539079946,0.4972400539079946,0.4972400539079946,0.6325961101539863,0.6325961101539863,0.6325961101539863,0.6326016176482312,0.7742957647853411,0.7742957647853411,0.7721471911268687,0.0,0.0,0.7745245897368376,2
0.000884015,0.2928610846575388,0.497276631602606,0.497276631602606,0.497276631602606,0.6321535122369891,0.6321535122369891,0.6321535122369891,0.6321590015443651,0.773388229756507,0.773388229756507,0.7714199072790314,0.0,0.0,0.7736159163745076,2
0.00089964,0.3014349042887062,0.4973418204001412,0.4973418204001412,0.4973418204001412,0.6261468464741491,0.6261468464741491,0.6261468464741491,0.626152091944771,0.7613692844238851,0.7613692844238851,0.7596976522607263,0.0,0.0,0.761581750778372,2
0.000915265,0.3176358012662011,0.4974380171578456,0.4974380171578456,0.4974380171578456,0.6148086588893178,0.6148086588893178,0.6148086588893178,0.6148134442927838,0.7387021866767574,0.7387021866767574,0.7374319425926184,0.0,0.0,0.7388859385097284,2
0.00093089,0.3408411842047459,0.4975566492200718,0.4975566492200718,0.4975566492200718,0.5985729641886589,0.5985729641886589,0.5985729641886589,0.5985770909259119,0.7062566474373186,0.7062566474373186,0.7054774653878403,0.0,0.0,0.7063992912183608,2
0.000946515,0.3701592832517415,0.4976980075107469,0.4976980075107469,0.4976980075107469,0.5780653860122873,0.5780653860122873,0.5780653860122873,0.5780686808449154,0.6652808944510034,0.6652808944510034,0.6650631183612772,0.0,0.0,0.6653716191470271,2
0.00096214,0.4044634203025904,0.4978518356588637,0.4978518356588637,0.4978518356588637,0.5540723317218872,0.5540723317218872,0.5540723317218872,0.5540746533328246,0.6173482423807974,0.6173482423807974,0.6177411542030087,0.0,0.0,0.6173782294522521,2
0.000977765,0.4424353066084106,0.4980170205250087,0.4980170205250087,0.4980170205250087,0.5275175179310017,0.5275175179310017,0.5275175179310017,0.5275187624515272,0.5643020679407538,0.5643020679407538,0.5653309185556732,0.0,0.0,0.5642648356716073,2
0.00099339,0.482615703873349,0.4981824412762616,0.4981824412762616,0.4981824412762616,0.4994197617693161,0.4994197617693161,0.4994197617693161,0.4994198666748933,0.50817955713005,0.50817955713005,0.5098457681825526,0.0,0.0,0.5080712043050357,2
0.001009015,0.5234605019639396,0.4983464884113844,0.4983464884113844,0.4983464884113844,0.4708605034574077,0.4708605034574077,0.4708605034574077,0.4708594500657634,0.4511388068075126,0.4511388068075126,0.4534186533354242,0.0,0.0,0.4509581680184681,2
0.00102464,0.563400058195588,0.4984981353710003,0.4984981353710003,0.4984981353710003,0.4429356074785057,0.4429356074785057,0.4429356074785057,0.4429334215727595,0.3953705235525892,0.3953705235525892,0.3982173929216432,0.0,0.0,0.3951192086259137,2
0.001040265,0.6008995178206736,0.498636251733167,0.498636251733167,0.498636251733167,0.4167198535679041,0.4167198535679041,0.4167198535679041,0.4167166045000861,0.3430191804458128,0.3430191804458128,0.3463639376782751,0.0,0.0,0.3427015179103131,2
0.00105589,0.634517797635743,0.4987508573739738,0.4987508573739738,0.4987508573739738,0.3932190641067539,0.3932190641067539,0.3932190641067539,0.3932148620387631,0.2960952835419707,0.2960952835419707,0.2998504275392292,0.0,0.0,0.2957181489790056,2
0.001071515,0.662962966000852,0.4988421957255817,0.4988421957255817,0.4988421957255817,0.3733379855481146,0.3733379855481146,0.3733379855481146,0.3733329773116792,0.2564034105911751,0.2564034105911751,0.260464868915577,0.0,0.0,0.2559759676913734,2
0.00108714,0.685141891047963,0.4989021336343699,0.4989021336343699,0.4989021336343699,0.357839019495215,0.357839019495215,0.357839019495215,0.357833382856268,0.225467581599547,0.225467581599547,0.2297203414969365,0.0,0.0,0.2250009247510844,2
0.001102765,0.7002022491256013,0.4989329663686637,0.4989329663686637,0.4989329663686637,0.3473193896780623,0.3473193896780623,0.3473193896780623,0.3473133265978073,0.2044779517708927,0.2044779517708927,0.2087987891267037,0.0,0.0,0.203984684939779,2
0.00111839,0.7075652791187879,0.4989289346843897,0.4989289346843897,0.4989289346843897,0.3421817595068082,0.3421817595068082,0.3421817595068082,0.3421754882884009,0.1942398342398444,0.1942398342398444,0.1985037951513832,0.0,0.0,0.193733581399672,2
0.001134015,0.70694802391412,0.4988947437524236,0.4988947437524236,0.4988947437524236,0.3426251554575281,0.3426251554575281,0.3426251554575281,0.3426189024484274,0.1951479731386973,0.1951479731386973,0.1992313783306739,0.0,0.0,0.19464285989164,2
0.00114964,0.6983742042829526,0.4988271812671088,0.4988271812671088,0.4988271812671088,0.3486309548312929,0.3486309548312929,0.3486309548312929,0.3486249456336758,0.2071661720496606,0.2071661720496606,0.2109532150241992,0.0,0.0,0.2066762776287923,2
0.001165265,0.6821733073054576,0.4987333460327208,0.4987333460327208,0.4987333460327208,0.3599699316367308,0.3599699316367308,0.3599699316367308,0.3599643825284707,0.2298338681305945,0.2298338681305945,0.2332191759836014,0.0,0.0,0.2293726894778954,2
0.00118089,0.6589679243669125,0.4986123653665162,0.4986123653665162,0.4986123653665162,0.3762047687299205,0.3762047687299205,0.3762047687299205,0.376199878262838,0.2622786664009941,0.2622786664009941,0.2651732799633856,0.0,0.0,0.2618585943758612,2
0.001196515,0.6296498253199173,0.4984733436696245,0.4984733436696245,0.4984733436696245,0.3967131274220454,0.3967131274220454,0.3967131274220454,0.3967090688815575,0.3032550124389679,0.3032550124389679,0.3055878360301526,0.0,0.0,0.3028868607327681,2
0.00121214,0.595345688269068,0.4983171916935225,0.4983171916935225,0.4983171916935225,0.4207053327791214,0.4207053327791214,0.4207053327791214,0.4207022474355191,0.3511869287468917,0.3511869287468917,0.3529094666266781,0.0,0.0,0.3508795132535497,2
0.001227765,0.5573738019632477,0.4981543187974573,0.4981543187974573,0.4981543187974573,0.4472609184879322,0.4472609184879322,0.4472609184879322,0.447258910256484,0.4042336911954794,0.4042336911954794,0.4053198741694352,0.0,0.0,0.4039934962641414,2
0.00124339,0.5171934046983098,0.4979865986903515,0.4979865986903515,0.4979865986903515,0.4753578342841477,0.4753578342841477,0.4753578342841477,0.4753569656430685,0.4603554712187737,0.4603554712187737,0.4608047258486287,0.0,0.0,0.4601863954439332,2
0.001259015,0.4763486066077187,0.497824839203512,0.497824839203512,0.497824839203512,0.5039178560217107,0.5039178560217107,0.5039178560217107,0.5039181456993728,0.5173968047319164,0.5173968047319164,0.5172319799498892,0.0,0.0,0.5173000161303631,2
0.00127464,0.4364090503760698,0.4976709170602094,0.4976709170602094,0.4976709170602094,0.5318419200980723,0.5318419200980723,0.5318419200980723,0.5318433422654782,0.5731643619549763,0.5731643619549763,0.5724329723078017,0.0,0.0,0.5731382481038716,2
0.001290265,0.3989095907509846,0.4975350643225682,0.4975350643225682,0.4975350643225682,0.558058429046119,0.558058429046119,0.558058429046119,0.5580609143968981,0.6255162836475232,0.6255162836475232,0.6242865381359727,0.0,0.0,0.6255565186025727,2
0.00130589,0.3652913109359154,0.4974182073741149,0.4974182073741149,0.4974182073741149,0.5815583949641279,0.5815583949641279,0.5815583949641279,0.5815618332909392,0.6724394590672644,0.6724394590672644,0.6707998071268315,0.0,0.0,0.672539164674395,2
0.001321515,0.3368461425708067,0.4973291089175,0.4973291089175,0.4973291089175,0.6014402202751012,0.6014402202751012,0.6014402202751012,0.6014444647914444,0.7121319062023033,0.7121319062023033,0.7101854511699446,0.0,0.0,0.7122819213319129,2
0.00133714,0.3146672175236955,0.4972669432847705,0.4972669432847705,0.4972669432847705,0.616938371042155,0.616938371042155,0.616938371042155,0.6169432439370821,0.7430670180597055,0.7430670180597055,0.7409297610579104,0.0,0.0,0.74325624577418,2
0.001352765,0.2996068594460576,0.4972383270063925,0.4972383270063925,0.4972383270063925,0.6274587394278742,0.6274587394278742,0.6274587394278742,0.6274640387849865,0.7640572178641266,0.7640572178641266,0.7618513767719043,0.0,0.0,0.7642730567355538,2
0.00136839,0.2922438294528711,0.4972401542618425,0.4972401542618425,0.4972401542618425,0.6325955624694968,0.6325955624694968,0.6325955624694968,0.6326010699410426,0.7742946224211141,0.7742946224211141,0.7721461739315718,0.0,0.0,0.774523445949139,2
0.001384015,0.292861084657539,0.4972765384973816,0.4972765384973816,0.4972765384973816,0.6321528970039303,0.6321528970039303,0.6321528970039303,0.6321583862868404,0.7733870494751904,0.7733870494751904,0.7714186347461214,0.0,0.0,0.7736147345732767,2
0.00139964,0.3014349042887065,0.497341919564096,0.497341919564096,0.497341919564096,0.6261462985572849,0.6261462985572849,0.6261462985572849,0.626151544005198,0.7613681415689755,0.7613681415689755,0.7596966193925809,0.0,0.0,0.7615806064994528,2
0.001415265,0.3176358012662017,0.4974379252327789,0.4974379252327789,0.4974379252327789,0.6148080442525592,0.6148080442525592,0.6148080442525592,0.6148128296315832,0.7387010075964496,0.7387010075964496,0.7374306854811886,0.0,0.0,0.7388847579109556,2
0.00143089,0.3408411842047466,0.4975567472093605,0.4975567472093605,0.4975567472093605,0.5985724160447928,0.5985724160447928,0.5985724160447928,0.5985765427593281,0.7062555041343507,0.7062555041343507,0.7054764187390035,0.0,0.0,0.7063981464907461,2
0.001446515,0.3701592832517421,0.4976979167507083,0.4976979167507083,0.4976979167507083,0.5780647719665618,0.5780647719665618,0.5780647719665618,0.5780680667747721,0.6652797165318732,0.6652797165318732,0.6650618748945029,0.0,0.0,0.6653704397109257,2
0.00146214,0.4044634203025916,0.4978519324885182,0.4978519324885182,0.4978519324885182,0.5540717833562129,0.5540717833562129,0.5540717833562129,0.5540741049444236,0.6173470986669464,0.6173470986669464,0.6177400954419693,0.0,0.0,0.6173770843132098,2
0.001477765,0.4424353066084119,0.498016930915067,0.498016930915067,0.498016930915067,0.5275169044709903,0.5275169044709903,0.5275169044709903,0.5275181489671213,0.5643008911475381,0.5643008911475381,0.5653296871662372,0.0,0.0,0.564263657362885,2
0.00149339,0.4826157038733499,0.498182536961119,0.498182536961119,0.498182536961119,0.4994192131868804,0.4994192131868804,0.4994192131868804,0.4994193180697228,0.5081784130379464,0.5081784130379464,0.5098446987807892,0.0,0.0,0.5080700587872207,2
0.001509015,0.5234605019639406,0.4983463999367989,0.4983463999367989,0.4983463999367989,0.4708598905777711,0.4708598905777711,0.4708598905777711,0.4708588371617552,0.4511376311089907,0.4511376311089907,0.4534174326408078,0.0,0.0,0.4509569908058521,2
0.00152464,0.563400058195589,0.498498229925703,0.498498229925703,0.498498229925703,0.4429350586843755,0.4429350586843755,0.4429350586843755,0.4429328727558866,0.3953693791110488,0.3953693791110488,0.398216314177056,0.0,0.0,0.3951180627582093,2
0.001540265,0.6008995178206744,0.4986361643793926,0.4986361643793926,0.4986361643793926,0.416719241263615,0.416719241263615,0.416719241263615,0.4167159921714479,0.3430180058149267,0.3430180058149267,0.3463627264595374,0.0,0.0,0.3427003417667342,2
0.00155589,0.6345177976357441,0.4987509508129761,0.4987509508129761,0.4987509508129761,0.3932185151059832,0.3932185151059832,0.3932185151059832,0.3932143130152423,0.2960941387764965,0.2960941387764965,0.2998493405966949,0.0,0.0,0.2957170027869044,2
0.001571515,0.6629629660008526,0.498842109478256,0.498842109478256,0.498842109478256,0.3733373738140593,0.3733373738140593,0.3733373738140593,0.3733323655532968,0.2564022370038643,0.2564022370038643,0.2604636660973879,0.0,0.0,0.2559747925927484,2
0.00158714,0.6851418910479637,0.4989022259719391,0.4989022259719391,0.4989022259719391,0.3578384702926792,0.3578384702926792,0.3578384702926792,0.3578328336309747,0.2254664365322737,0.2254664365322737,0.2297192473659155,0.0,0.0,0.2249997782567541,2
0.001602765,0.7002022491256016,0.4989328812136131,0.4989328812136131,0.4989328812136131,0.3473187785093052,0.3473187785093052,0.3473187785093052,0.3473127154047451,0.2044767792062418,0.2044767792062418,0.2087975937608727,0.0,0.0,0.2039835108651721,2
0.00161839,0.7075652791187879,0.4989290259346082,0.4989290259346082,0.4989290259346082,0.3421812101074694,0.3421812101074694,0.3421812101074694,0.3421749388662979,0.1942386888904797,0.1942386888904797,0.1985026947224553,0.0,0.0,0.1937324346228343,2
0.001634015,0.7069480239141199,0.4988946596756594,0.4988946596756594,0.4988946596756594,0.3426245448490473,0.3426245448490473,0.3426245448490473,0.342618291815663,0.1951468015781054,0.1951468015781054,0.1992301895807055,0.0,0.0,0.1946416868224005,2
0.00164964,0.698374204282952,0.4988272714438779,0.4988272714438779,0.4988272714438779,0.348630405239802,0.348630405239802,0.348630405239802,0.3486243960194141,0.2071650264349357,0.2071650264349357,0.210952109082263,0.0,0.0,0.2066751305862332,2
0.001665265,0.682173307305457,0.4987332630204339,0.4987332630204339,0.4987332630204339,0.3599693215835164,0.3599693215835164,0.3599693215835164,0.3599637724509941,0.2298326975576257,0.2298326975576257,0.2332179931116104,0.0,0.0,0.2293715173975724,2
0.00168089,0.6589679243669115,0.4986124544835535,0.4986124544835535,0.4986124544835535,0.3762042189510484,0.3762042189510484,0.3762042189510484,0.3761993284611887,0.2622775205359571,0.2622775205359571,0.2651721692010633,0.0,0.0,0.2618574470825673,2
0.001696515,0.6296498253199163,0.4984732617081846,0.4984732617081846,0.4984732617081846,0.3967125179194318,0.3967125179194318,0.3967125179194318,0.3967084593547026,0.3032538428397432,0.3032538428397432,0.3055866583858754,0.0,0.0,0.3028856896275165,2
0.00171214,0.5953456882690674,0.4983172797643727,0.4983172797643727,0.4983172797643727,0.4207047828175278,0.4207047828175278,0.4207047828175278,0.4207016974511421,0.3511857826444369,0.3511857826444369,0.3529083516545742,0.0,0.0,0.3508783657224785,2
0.001727765,0.5573738019632464,0.4981542378734103,0.4981542378734103,0.4981542378734103,0.4472603095310336,0.4472603095310336,0.4472603095310336,0.4472583012753651,0.4042325225574764,0.4042325225574764,0.4053187011789775,0.0,0.0,0.4039923261213722,2
0.00174339,0.5171934046983082,0.4979866857283799,0.4979866857283799,0.4979866857283799,0.47535728414448,0.47535728414448,0.47535728414448,0.4753564154806114,0.4603543248901511,0.4603543248901511,0.4608036072052481,0.0,0.0,0.4601852476864255,2
0.001759015,0.4763486066077176,0.49782475930358,0.49782475930358,0.49782475930358,0.503917247605886,0.503917247605886,0.503917247605886,0.5039175372593482,0.5173956370444466,0.5173956370444466,0.5172308111073456,0.0,0.0,0.5172988469394739,2
0.00177464,0.4364090503760692,0.4976710030786084,0.4976710030786084,0.4976710030786084,0.5318413697848994,0.5318413697848994,0.5318413697848994,0.5318427919295106,0.5731632154101194,0.5731632154101194,0.5724318504682057,0.0,0.0,0.5731371001297034,2
0.001790265,0.398909590750984,0.4975349854336426,0.4975349854336426,0.4975349854336426,0.5580578211668377,0.5580578211668377,0.5580578211668377,0.5580603064934375,0.6255151169016876,0.6255151169016876,0.624285372995558,0.0,0.0,0.6255553503545077,2
0.00180589,0.3652913109359148,0.4974182923859089,0.4974182923859089,0.4974182923859089,0.5815578444820738,0.5815578444820738,0.5815578444820738,0.5815612827860848,0.67243831231471,0.67243831231471,0.6707986825099173,0.0,0.0,0.6725380164922041,2
0.001821515,0.3368461425708059,0.4973290310266431,0.4973290310266431,0.4973290310266431,0.6014396129277456,0.6014396129277456,0.6014396129277456,0.6014438574199298,0.7121307403899731,0.7121307403899731,0.7101842893380939,0.0,0.0,0.7122807540186138,2
0.00183714,0.3146672175236947,0.4972670273028141,0.4972670273028141,0.4972670273028141,0.6169378203954669,0.6169378203954669,0.6169378203954669,0.6169426932675882,0.7430658711062545,0.7430658711062545,0.7409286340325366,0.0,0.0,0.743255097390749,2
0.001852765,0.2996068594460571,0.4972382501008359,0.4972382501008359,0.4972382501008359,0.6274581326077384,0.6274581326077384,0.6274581326077384,0.6274634319407119,0.7640560529781583,0.7640560529781583,0.7618502179013894,0.0,0.0,0.7642718903498238,2
0.00186839,0.292243829452871,0.4972402372988238,0.4972402372988238,0.4972402372988238,0.6325950116625093,0.6325950116625093,0.6325950116625093,0.6326005191112442,0.7742934752726989,0.7742934752726989,0.7721450448231314,0.0,0.0,0.7745222973704484,2
0.001884015,0.292861084657539,0.4972764625645189,0.4972764625645189,0.4972764625645189,0.6321522907066512,0.6321522907066512,0.6321522907066512,0.6321577799654422,0.7733858855099826,0.7733858855099826,0.7714174785312404,0.0,0.0,0.7736135691095247,2
0.00189964,0.3014349042887069,0.4973420016325351,0.4973420016325351,0.4973420016325351,0.6261457475944884,0.6261457475944884,0.6261457475944884,0.6261509930195853,0.761366994231031,0.761366994231031,0.7596954884884161,0.0,0.0,0.7615794577309289,2
0.001915265,0.3176358012662023,0.497437850260169,0.497437850260169,0.497437850260169,0.614807438473785,0.614807438473785,0.614807438473785,0.6148122238287106,0.7386998445472086,0.7386998445472086,0.7374295316523221,0.0,0.0,0.7388835933644291,2
0.00193089,0.3408411842047476,0.4975568283216227,0.4975568283216227,0.4975568283216227,0.5985718649303674,0.5985718649303674,0.5985718649303674,0.5985759916220814,0.7062543566108435,0.7062543566108435,0.7054752862918867,0.0,0.0,0.7063969975364264,2
0.001946515,0.3701592832517432,0.4976978427260721,0.4976978427260721,0.4976978427260721,0.5780641667019196,0.5780641667019196,0.5780641667019196,0.5780674614860507,0.6652785543945723,0.6652785543945723,0.6650607232138697,0.0,0.0,0.6653692760775523,2
0.00196214,0.4044634203025922,0.4978520126568035,0.4978520126568035,0.4978520126568035,0.5540712320943604,0.5540712320943604,0.5540712320943604,0.5540735536597451,0.6173459509613501,0.6173459509613501,0.6177389616749951,0.0,0.0,0.6173759351764907,2
0.001977765,0.4424353066084124,0.4980168578262809,0.4980168578262809,0.4980168578262809,0.5275162997161169,0.5275162997161169,0.5275162997161169,0.5275175441881882,0.5642997299187552,0.5642997299187552,0.5653285374240744,0.0,0.0,0.5642624946392576,2
0.00199339,0.4826157038733507,0.4981826161974694,0.4981826161974694,0.4981826161974694,0.4994186617818256,0.4994186617818256,0.4994186617818256,0.4994187666418371,0.508177265153064,0.508177265153064,0.5098435638906375,0.0,0.0,0.508068909470939,2
0.002009015,0.523460501963942,0.4983463277719004,0.4983463277719004,0.4983463277719004,0.4708592863286136,0.4708592863286136,0.4708592863286136,0.4708582328885573,0.4511364707865357,0.4511364707865357,0.453416284652734,0.0,0.0,0.4509558289897564,2
0.00202464,0.5634000581955904,0.4984983082420062,0.4984983082420062,0.4984983082420062,0.4429345071402659,0.4429345071402659,0.4429345071402659,0.4429323211889415,0.3953682310490287,0.3953682310490287,0.3982151783370908,0.0,0.0,0.3951169132645036,2
0.002040265,0.6008995178206753,0.4986360931265694,0.4986360931265694,0.4986360931265694,0.4167186375159313,0.4167186375159313,0.4167186375159313,0.4167153883997433,0.3430168463967616,0.3430168463967616,0.3463615800626155,0.0,0.0,0.3426991808560911,2
0.00205589,0.6345177976357447,0.4987510282209668,0.4987510282209668,0.4987510282209668,0.3932179634267897,0.3932179634267897,0.3932179634267897,0.3932137613132087,0.2960929905386495,0.2960929905386495,0.2998482039594545,0.0,0.0,0.2957158531170772,2
0.002071515,0.6629629660008531,0.4988420391258543,0.4988420391258543,0.4988420391258543,0.3733367705635853,0.3733367705635853,0.3733367705635853,0.3733317622788212,0.2564010784882973,0.2564010784882973,0.2604625211477954,0.0,0.0,0.2559736325858913,2
0.00208714,0.6851418910479646,0.4989023024831986,0.4989023024831986,0.4989023024831986,0.3578379184823289,0.3578379184823289,0.3578379184823289,0.35783228179778,0.2254652881193283,0.2254652881193283,0.2297181100657353,0.0,0.0,0.2249986284115883,2
0.002102765,0.7002022491256018,0.4989328117501257,0.4989328117501257,0.4989328117501257,0.3473181757520191,0.3473181757520191,0.3473181757520191,0.3473121126234763,0.2044756215925087,0.2044756215925087,0.2087964501322381,0.0,0.0,0.2039823517613289,2
0.00211839,0.7075652791187881,0.4989291015605683,0.4989291015605683,0.4989291015605683,0.342180658169979,0.342180658169979,0.342180658169979,0.3421743869059586,0.1942375403030334,0.1942375403030334,0.198501556878023,0.0,0.0,0.1937312846029014,2
0.002134015,0.7069480239141199,0.4988945910897295,0.4988945910897295,0.4988945910897295,0.3426239425809706,0.3426239425809706,0.3426239425809706,0.3426176895236229,0.1951456448658829,0.1951456448658829,0.1992290471616705,0.0,0.0,0.1946405286212557,2
0.00214964,0.698374204282952,0.4988273461958221,0.4988273461958221,0.4988273461958221,0.3486298531791113,0.3486298531791113,0.3486298531791113,0.3486238439358703,0.2071638776730577,0.2071638776730577,0.2109509707980633,0.0,0.0,0.2066739803916026,2
0.002165265,0.6821733073054566,0.4987331953008511,0.4987331953008511,0.4987331953008511,0.3599687198007806,0.3599687198007806,0.3599687198007806,0.3599631706443139,0.2298315417471658,0.2298315417471658,0.2332168518042192,0.0,0.0,0.229370360099362,2
0.00218089,0.6589679243669114,0.4986125283726186,0.4986125283726186,0.4986125283726186,0.3762036667710876,0.3762036667710876,0.3762036667710876,0.3761987762583705,0.2622763715993481,0.2622763715993481,0.2651710305691745,0.0,0.0,0.2618562967129711,2
0.002196515,0.6296498253199156,0.4984731948438843,0.4984731948438843,0.4984731948438843,0.3967119166180458,0.3967119166180458,0.3967119166180458,0.3967078580293911,0.3032526879313564,0.3032526879313564,0.3055855181035424,0.0,0.0,0.302884533232531,2
0.00221214,0.5953456882690666,0.4983173528015534,0.4983173528015534,0.4983173528015534,0.4207042305219513,0.4207042305219513,0.4207042305219513,0.4207011451327042,0.3511846335320176,0.3511846335320176,0.352907212755689,0.0,0.0,0.3508772151768127,2
0.002227765,0.5573738019632449,0.4981541718534714,0.4981541718534714,0.4981541718534714,0.4472597087070821,0.4472597087070821,0.4472597087070821,0.4472577004275069,0.404231368551824,0.404231368551824,0.405317561845413,0.0,0.0,0.4039911706303286,2
0.00224339,0.5171934046983069,0.4979867579245272,0.4979867579245272,0.4979867579245272,0.475356731737032,0.475356731737032,0.475356731737032,0.4753558630502981,0.4603531756007764,0.4603531756007764,0.4608024681106501,0.0,0.0,0.4601840969635045,2
0.002259015,0.4763486066077163,0.4978246941172215,0.4978246941172215,0.4978246941172215,0.5039166472555298,0.5039166472555298,0.5039166472555298,0.5039169368851043,0.5173944839427206,0.5173944839427206,0.5172296726555552,0.0,0.0,0.5172976923534895,2
0.00227464,0.4364090503760679,0.4976710744444337,0.4976710744444337,0.4976710744444337,0.5318408172692153,0.5318408172692153,0.5318408172692153,0.5318422393909569,0.5731620659420745,0.5731620659420745,0.5724307112403988,0.0,0.0,0.5731359492278847,2
0.002290265,0.3989095907509822,0.4975349210702253,0.4975349210702253,0.4975349210702253,0.5580572212862144,0.5580572212862144,0.5580572212862144,0.5580597065889451,0.6255139647051356,0.6255139647051356,0.6242842353663105,0.0,0.0,0.6255541966748825,2
0.00230589,0.3652913109359131,0.4974183629319832,0.4974183629319832,0.4974183629319832,0.5815572918617787,0.5815572918617787,0.5815572918617787,0.5815607301429162,0.6724371626660858,0.6724371626660858,0.6707975432039713,0.0,0.0,0.6725368654096071,2
0.002321515,0.3368461425708049,0.497328967475664,0.497328967475664,0.497328967475664,0.6014390135131678,0.6014390135131678,0.6014390135131678,0.6014432579815013,0.7121295891004928,0.7121295891004928,0.7101831524795871,0.0,0.0,0.7122796012472079,2
0.00233714,0.3146672175236942,0.497267097039574,0.497267097039574,0.497267097039574,0.6169372676741772,0.6169372676741772,0.6169372676741772,0.6169421405234211,0.7430647212750063,0.7430647212750063,0.7409274946970286,0.0,0.0,0.7432539461252707,2
0.002352765,0.299606859446057,0.4972381873519267,0.4972381873519267,0.4972381873519267,0.6274575336555945,0.6274575336555945,0.6274575336555945,0.6274628329647359,0.7640549025979041,0.7640549025979041,0.7618490817680439,0.0,0.0,0.7642707384888445,2
0.00236839,0.2922438294528708,0.4972403062365695,0.4972403062365695,0.4972403062365695,0.632594458843832,0.632594458843832,0.632594458843832,0.6325999662696856,0.7742923252565648,0.7742923252565648,0.7721439055008242,0.0,0.0,0.7745211459197814,2
0.002384015,0.2928610846575393,0.497276400607447,0.497276400607447,0.497276400607447,0.6321516922132395,0.6321516922132395,0.6321516922132395,0.6321571814482176,0.773384736041224,0.773384736041224,0.7714163430828466,0.0,0.0,0.7736124181611801,2
0.00239964,0.3014349042887071,0.4973420697814354,0.4973420697814354,0.4973420697814354,0.6261451946817888,0.6261451946817888,0.6261451946817888,0.6261504400840003,0.7613658440269412,0.7613658440269412,0.7596943492163566,0.0,0.0,0.761578306092104,2
0.002415265,0.3176358012662027,0.4974377890848336,0.4974377890848336,0.4974377890848336,0.6148068404355457,0.6148068404355457,0.6148068404355457,0.6148116257666764,0.7386986959926284,0.7386986959926284,0.7374283968536668,0.0,0.0,0.7388824433313828,2
0.00243089,0.340841184204748,0.4975568956917109,0.4975568956917109,0.4975568956917109,0.5985713119272339,0.5985713119272339,0.5985713119272339,0.598575438596059,0.7062532062161627,0.7062532062161627,0.7054741471032382,0.0,0.0,0.7063958457067558,2
0.002446515,0.3701592832517436,0.4976977823225033,0.4976977823225033,0.4976977823225033,0.5780635691153014,0.5780635691153014,0.5780635691153014,0.578066863875656,0.6652774067569643,0.6652774067569643,0.6650595890339169,0.0,0.0,0.6653681269626459,2
0.00246214,0.4044634203025935,0.4978520792579854,0.4978520792579854,0.4978520792579854,0.554070679004207,0.554070679004207,0.554070679004207,0.5540730005466992,0.6173448003728548,0.6173448003728548,0.6177378225985326,0.0,0.0,0.6173747831527827,2
0.002477765,0.442435306608414,0.4980167981846382,0.4980167981846382,0.4980167981846382,0.5275157025777437,0.5275157025777437,0.5275157025777437,0.527516947026057,0.5642985832015163,0.5642985832015163,0.565327403835928,0.0,0.0,0.5642613464458357,2
0.00249339,0.482615703873352,0.4981826820395225,0.4981826820395225,0.4981826820395225,0.4994181086080239,0.4994181086080239,0.4994181086080239,0.4994182134451391,0.5081761143673049,0.5081761143673049,0.5098424249516054,0.0,0.0,0.5080677572497647,2
0.002509015,0.5234605019639427,0.4983462688824693,0.4983462688824693,0.4983462688824693,0.470858689634952,0.470858689634952,0.470858689634952,0.4708576361711563,0.4511353249927538,0.4511353249927538,0.4534151516323059,0.0,0.0,0.4509546817209952,2
0.00252464,0.563400058195591,0.4984983733345842,0.4984983733345842,0.4984983733345842,0.4429339538860794,0.4429339538860794,0.4429339538860794,0.442931767911855,0.3953670800622409,0.3953670800622409,0.3982140395574939,0.0,0.0,0.3951157608420769,2
0.002540265,0.6008995178206769,0.4986360349797643,0.4986360349797643,0.4986360349797643,0.416718041263523,0.416718041263523,0.416718041263523,0.416714792123614,0.3430157015299825,0.3430157015299825,0.3463604475890011,0.0,0.0,0.3426980345154577,2
0.00255589,0.6345177976357458,0.498751092573594,0.498751092573594,0.498751092573594,0.3932174100955066,0.3932174100955066,0.3932174100955066,0.3932132079590221,0.2960918393469762,0.2960918393469762,0.2998470653586543,0.0,0.0,0.2957147004895223,2
0.002571515,0.662962966000854,0.4988419817122094,0.4988419817122094,0.4988419817122094,0.3733361747491465,0.3733361747491465,0.3733361747491465,0.3733311664406795,0.2563999345524245,0.2563999345524245,0.2604613892028304,0.0,0.0,0.2559724871773374,2
0.00258714,0.6851418910479646,0.4989023661052791,0.4989023661052791,0.4989023661052791,0.3578373650771623,0.3578373650771623,0.3578373650771623,0.3578317283697064,0.2254641367186038,0.2254641367186038,0.2297169716605627,0.0,0.0,0.2249974755747442,2
0.002602765,0.7002022491256019,0.4989327550602991,0.4989327550602991,0.4989327550602991,0.3473175803721416,0.3473175803721416,0.3473175803721416,0.3473115172199144,0.2044744785914282,0.2044744785914282,0.2087953186998253,0.0,0.0,0.2039812072886914,2
0.00261839,0.7075652791187881,0.4989291644613818,0.4989291644613818,0.4989291644613818,0.342180104694167,0.342180104694167,0.342180104694167,0.3421738334072359,0.1942363886890185,0.1942363886890185,0.1985004186832779,0.0,0.0,0.1937301315525265,2
0.002634015,0.7069480239141199,0.4988945351145011,0.4988945351145011,0.4988945351145011,0.3426233476324538,0.3426233476324538,0.3426233476324538,0.3426170945514398,0.1951445028039419,0.1951445028039419,0.1992279162279947,0.0,0.0,0.1946393850889153,2
0.00264964,0.6983742042829518,0.498827408384531,0.498827408384531,0.498827408384531,0.348629299635751,0.348629299635751,0.348629299635751,0.3486232903695957,0.2071627258410951,0.2071627258410951,0.210949832826441,0.0,0.0,0.2066728271230442,2
0.002665265,0.6821733073054559,0.498733140031121,0.498733140031121,0.498733140031121,0.3599681252802657,0.3599681252802657,0.3599681252802657,0.3599625761001511,0.2298304006285128,0.2298304006285128,0.2332157213568528,0.0,0.0,0.2293692175115116,2
0.00268089,0.6589679243669104,0.4986125898582672,0.4986125898582672,0.4986125898582672,0.3762031131631351,0.3762031131631351,0.3762031131631351,0.3761982226275002,0.2622752195443712,0.2622752195443712,0.2651698928314814,0.0,0.0,0.2618551432211677,2
0.002696515,0.6296498253199146,0.4984731402706677,0.4984731402706677,0.4984731402706677,0.3967113225223153,0.3967113225223153,0.3967113225223153,0.3967072639100308,0.3032515477606753,0.3032515477606753,0.305584388131955,0.0,0.0,0.3028833915937743,2
0.00271214,0.5953456882690654,0.4983174135930674,0.4983174135930674,0.4983174135930674,0.4207036768526533,0.4207036768526533,0.4207036768526533,0.4207005914404847,0.351183481249416,0.351183481249416,0.3529060752618993,0.0,0.0,0.3508760614571568,2
0.002727765,0.5573738019632436,0.4981541179679003,0.4981541179679003,0.4981541179679003,0.4472591150331255,0.4472591150331255,0.4472591150331255,0.4472571067299388,0.4042302293342037,0.4042302293342037,0.4053164323406835,0.0,0.0,0.4039900299458076,2
0.00274339,0.5171934046983054,0.4979868180307156,0.4979868180307156,0.4979868180307156,0.4753561780094283,0.4753561780094283,0.4753561780094283,0.4753553092997695,0.4603520230854226,0.4603520230854226,0.4608013308691163,0.0,0.0,0.4601829430108492,2
0.002759015,0.4763486066077148,0.4978246409105442,0.4978246409105442,0.4978246409105442,0.5039160540002119,0.5039160540002119,0.5039160540002119,0.5039163436061931,0.5173933456832552,0.5173933456832552,0.517228543609796,0.0,0.0,0.5172965526282238,2
0.00277464,0.4364090503760665,0.497671133873995,0.497671133873995,0.497671133873995,0.5318402634862712,0.5318402634862712,0.5318402634862712,0.5318416855850844,0.573160913188486,0.573160913188486,0.5724295742581663,0.0,0.0,0.5731347950368073,2
0.002790265,0.3989095907509815,0.4975348685337999,0.4975348685337999,0.4975348685337999,0.5580566284464072,0.5580566284464072,0.5580566284464072,0.5580591137255629,0.62551282740893,0.62551282740893,0.6242831067725334,0.0,0.0,0.6255530579140325,2
0.00280589,0.3652913109359126,0.4974184216935016,0.4974184216935016,0.4974184216935016,0.5815567380263861,0.5815567380263861,0.5815567380263861,0.5815601762845914,0.6724360096686648,0.6724360096686648,0.670796406487139,0.0,0.0,0.6725357109744112,2
0.002821515,0.3368461425708045,0.4973289156009639,0.4973289156009639,0.4973289156009639,0.6014384210858846,0.6014384210858846,0.6014384210858846,0.6014426655306613,0.7121284527730519,0.7121284527730519,0.7101820243319672,0.0,0.0,0.7122784634563435,2
0.00283714,0.3146672175236938,0.4972671551415222,0.4972671551415222,0.4972671551415222,0.6169367137893187,0.6169367137893187,0.6169367137893187,0.6169415866156271,0.7430635680280482,0.7430635680280482,0.7409263582508833,0.0,0.0,0.7432527914403158,2
0.002852765,0.2996068594460568,0.4972381361305342,0.4972381361305342,0.4972381361305342,0.6274569416377895,0.6274569416377895,0.6274569416377895,0.6274622409233921,0.7640537672449282,0.7640537672449282,0.7618479540616053,0.0,0.0,0.764269601673544,2
0.00286839,0.2922438294528706,0.4972403636873106,0.4972403636873106,0.4972403636873106,0.6325939049122846,0.6325939049122846,0.6325939049122846,0.632599412315199,0.7742911717538828,0.7742911717538828,0.7721427693295787,0.0,0.0,0.7745199909788845,2
0.002884015,0.2928610846575393,0.4972763500310542,0.4972763500310542,0.4972763500310542,0.6321511006019074,0.6321511006019074,0.6321511006019074,0.6321565898133645,0.7733836016684242,0.7733836016684242,0.7714152158131705,0.0,0.0,0.7736112823272343,2
0.00289964,0.3014349042887077,0.4973421265892255,0.4973421265892255,0.4973421265892255,0.6261446407063878,0.6261446407063878,0.6261446407063878,0.6261498860856572,0.7613646902624449,0.7613646902624449,0.7596932133238021,0.0,0.0,0.7615771508890719,2
0.002915265,0.3176358012662034,0.4974377391452385,0.4974377391452385,0.4974377391452385,0.6148062492277878,0.6148062492277878,0.6148062492277878,0.614811034535416,0.7386975626061391,0.7386975626061391,0.7374272700172296,0.0,0.0,0.7388813084849268,2
0.00293089,0.3408411842047489,0.4975569518646994,0.4975569518646994,0.4975569518646994,0.5985707579107745,0.5985707579107745,0.5985707579107745,0.5985748845566538,0.7062520521833139,0.7062520521833139,0.7054730114923013,0.0,0.0,0.7063946902351794,2
0.002946515,0.3701592832517448,0.4976977330116101,0.4976977330116101,0.4976977330116101,0.5780629783082272,0.5780629783082272,0.5780629783082272,0.5780662730450975,0.6652762743631278,0.6652762743631278,0.665058462627779,0.0,0.0,0.6653669931099628,2
0.00296214,0.4044634203025942,0.4978521348042162,0.4978521348042162,0.4978521348042162,0.5540701249494107,0.5540701249494107,0.5540701249494107,0.5540724464689533,0.6173436460650464,0.6173436460650464,0.617736687271724,0.0,0.0,0.6173736274059707,2
0.002977765,0.4424353066084145,0.4980167494944578,0.4980167494944578,0.4980167494944578,0.5275151121684029,0.5275151121684029,0.5275151121684029,0.52751635659325,0.5642974518065746,0.5642974518065746,0.5653262778573777,0.0,0.0,0.5642602135932262,2
0.00299339,0.4826157038733527,0.4981827369669367,0.4981827369669367,0.4981827369669367,0.4994175545175052,0.4994175545175052,0.4994175545175052,0.4994176593316673,0.5081749597774746,0.5081749597774746,0.5098412899106879,0.0,0.0,0.5080666012206778,2
0.003009015,0.5234605019639433,0.4983462208051139,0.4983462208051139,0.4983462208051139,0.4708580996204679,0.4708580996204679,0.4708580996204679,0.4708570461332242,0.4511341946033299,0.4511341946033299,0.4534140260792632,0.0,0.0,0.4509535498750458,2
0.00302464,0.5634000581955931,0.4984984276510169,0.4984984276510169,0.4984984276510169,0.4429333997625454,0.4429333997625454,0.4429333997625454,0.4429312137653644,0.3953659251833961,0.3953659251833961,0.3982129048040687,0.0,0.0,0.3951146045237204,2
0.003040265,0.6008995178206782,0.4986359875074466,0.4986359875074466,0.4986359875074466,0.4167174516411919,0.4167174516411919,0.4167174516411919,0.4167142024778531,0.3430145721530877,0.3430145721530877,0.3463593224599782,0.0,0.0,0.3426969036832404,2
0.00305589,0.6345177976357469,0.4987511462867813,0.4987511462867813,0.4987511462867813,0.3932168559416243,0.3932168559416243,0.3932168559416243,0.3932126537821794,0.2960906841718906,0.2960906841718906,0.2998459308939143,0.0,0.0,0.2957135438746783,2
0.003071515,0.6629629660008548,0.4988419348372441,0.4988419348372441,0.4988419348372441,0.3733355855163048,0.3733355855163048,0.3733355855163048,0.3733305771844264,0.2563988061953811,0.2563988061953811,0.2604602644967977,0.0,0.0,0.2559713573661494,2
0.00308714,0.6851418910479654,0.4989024192228553,0.4989024192228553,0.4989024192228553,0.3578368108957578,0.3578368108957578,0.3578368108957578,0.3578311741653379,0.2254629812402556,0.2254629812402556,0.2297158374857648,0.0,0.0,0.2249963186563685,2
0.003102765,0.7002022491256024,0.498932708775103,0.498932708775103,0.498932708775103,0.347316991526199,0.347316991526199,0.347316991526199,0.3473109283505785,0.2044733512617989,0.2044733512617989,0.2087941944161199,0.0,0.0,0.2039800785061222,2
0.00311839,0.7075652791187884,0.4989292169908852,0.4989292169908852,0.4989292169908852,0.3421795504877609,0.3421795504877609,0.3421795504877609,0.3421732791778623,0.194235232899574,0.194235232899574,0.1984992847987855,0.0,0.0,0.1937289743228151,2
0.003134015,0.7069480239141195,0.498894489411585,0.498894489411585,0.498894489411585,0.3426227591706608,0.3426227591706608,0.3426227591706608,0.342616506066272,0.195143376509203,0.195143376509203,0.1992267923659317,0.0,0.0,0.1946382573423865,2
0.00314964,0.6983742042829515,0.4988274603334011,0.4988274603334011,0.4988274603334011,0.348628745406824,0.348628745406824,0.348628745406824,0.3486227361176974,0.2071615697325607,0.2071615697325607,0.2109486992324013,0.0,0.0,0.2066716695739606,2
0.003165265,0.6821733073054559,0.4987330949030935,0.4987330949030935,0.4987330949030935,0.3599675371999128,0.3599675371999128,0.3599675371999128,0.3599619879964414,0.2298292753763308,0.2298292753763308,0.2332145979159798,0.0,0.0,0.2293680908086785,2
0.00318089,0.6589679243669104,0.4986126412338487,0.4986126412338487,0.4986126412338487,0.3762025589141944,0.3762025589141944,0.3762025589141944,0.3761976683555846,0.262274063108598,0.262274063108598,0.2651687595278573,0.0,0.0,0.2618539853445744,2
0.003196515,0.6296498253199136,0.4984730957102341,0.4984730957102341,0.4984730957102341,0.3967107348207987,0.3967107348207987,0.3967107348207987,0.3967066761851759,0.303250423559018,0.303250423559018,0.3055832651121331,0.0,0.0,0.3028822659426611,2
0.00321214,0.5953456882690642,0.4983174644026062,0.4983174644026062,0.4983174644026062,0.4207031225861663,0.4207031225861663,0.4207031225861663,0.4207000371510191,0.351182324478024,0.351182324478024,0.3529049422484255,0.0,0.0,0.3508749032446771,2
0.003227765,0.5573738019632422,0.4981540739678598,0.4981540739678598,0.4981540739678598,0.4472585277078483,0.4472585277078483,0.4472585277078483,0.4472565193813416,0.4042291061912672,0.4042291061912672,0.4053153097419856,0.0,0.0,0.4039889053546123,2
0.00324339,0.517193404698304,0.4979868682813704,0.4979868682813704,0.4979868682813704,0.4753556237277898,0.4753556237277898,0.4753556237277898,0.4753547549951485,0.4603508659697068,0.4603508659697068,0.4608001981452362,0.0,0.0,0.4601817844537989,2
0.003259015,0.4763486066077134,0.4978245974637882,0.4978245974637882,0.4978245974637882,0.5039154670486496,0.5039154670486496,0.5039154670486496,0.5039157566313291,0.5173922236075733,0.5173922236075733,0.5172274214325817,0.0,0.0,0.5172954291054548,2
0.00327464,0.4364090503760651,0.4976711835728258,0.4976711835728258,0.4976711835728258,0.5318397091919691,0.5318397091919691,0.5318397091919691,0.531841131267796,0.573159755719917,0.573159755719917,0.5724284418235457,0.0,0.0,0.5731336361265211,2
0.003290265,0.3989095907509803,0.4975348256333136,0.4975348256333136,0.4975348256333136,0.5580560418661418,0.5580560418661418,0.5580560418661418,0.5580585271220142,0.6255117064093079,0.6255117064093079,0.6242819850173814,0.0,0.0,0.6255519354685786,2
0.00330589,0.3652913109359115,0.4974184708474807,0.4974184708474807,0.4974184708474807,0.5815561837218355,0.5815561837218355,0.5815561837218355,0.5815596219570507,0.6724348518381149,0.6724348518381149,0.6707952743409245,0.0,0.0,0.672534551701909,2
0.003321515,0.3368461425708036,0.49732887323982,0.49732887323982,0.49732887323982,0.6014378348743379,0.6014378348743379,0.6014378348743379,0.6014420792958498,0.7121273328583111,0.7121273328583111,0.7101809029993863,0.0,0.0,0.712277342096945,2
0.00333714,0.3146672175236932,0.4972672037575316,0.4972672037575316,0.4972672037575316,0.6169361594767626,0.6169361594767626,0.6169361594767626,0.6169410322800771,0.7430624098260447,0.7430624098260447,0.7409252263919707,0.0,0.0,0.7432516317960975,2
0.003352765,0.2996068594460565,0.4972380943018986,0.4972380943018986,0.4972380943018986,0.6274563557925219,0.6274563557925219,0.6274563557925219,0.6274616550548784,0.7640526484242659,0.7640526484242659,0.761846833152369,0.0,0.0,0.7642684814093998,2
0.00336839,0.2922438294528706,0.4972404117721414,0.4972404117721414,0.4972404117721414,0.632593350594126,0.632593350594126,0.632593350594126,0.6325988579740426,0.7742900131711065,0.7742900131711065,0.7721416377571235,0.0,0.0,0.7745188309535911,2
0.003384015,0.2928610846575393,0.4972763087281766,0.4972763087281766,0.4972763087281766,0.6321505151205528,0.6321505151205528,0.6321505151205528,0.6321560043087822,0.7733824839512808,0.7733824839512808,0.77141409532819,0.0,0.0,0.7736101631678669,2
0.00339964,0.3014349042887082,0.4973421741495842,0.4973421741495842,0.4973421741495842,0.6261440863848907,0.6261440863848907,0.6261440863848907,0.6261493317411583,0.7613635312890377,0.7613635312890377,0.7596920820365474,0.0,0.0,0.7615759904728827,2
0.003415265,0.317635801266204,0.4974376983614594,0.4974376983614594,0.4974376983614594,0.614805664107919,0.614805664107919,0.614805664107919,0.614810449392338,0.7386964460021934,0.7386964460021934,0.7374261499575151,0.0,0.0,0.7388801904399231,2
0.00343089,0.3408411842047498,0.497556998907203,0.497556998907203,0.497556998907203,0.5985702035881972,0.5985702035881972,0.5985702035881972,0.5985743302110704,0.7062508928093794,0.7062508928093794,0.7054718804890875,0.0,0.0,0.7063935294180745,2
0.003446515,0.3701592832517458,0.4976976927403549,0.4976976927403549,0.4976976927403549,0.5780623935475224,0.5780623935475224,0.5780623935475224,0.5780656882612022,0.6652751588822633,0.6652751588822633,0.6650573429944079,0.0,0.0,0.6653658761893115,2
0.00346214,0.4044634203025954,0.4978521813353964,0.4978521813353964,0.4978521813353964,0.5540695706280383,0.5540695706280383,0.5540695706280383,0.5540718921245709,0.6173424862803195,0.6173424862803195,0.6177355565511715,0.0,0.0,0.6173724661777942,2
0.003477765,0.442435306608416,0.4980167097292343,0.4980167097292343,0.4980167097292343,0.5275145277646793,0.5275145277646793,0.5275145277646793,0.5275157721663548,0.56429633745927,0.56429633745927,0.5653251586518531,0.0,0.0,0.5642590978073869,2
0.00349339,0.482615703873354,0.4981827829932417,0.4981827829932417,0.4981827829932417,0.4994170001996508,0.4994170001996508,0.4994170001996508,0.4994171049907987,0.5081737995716908,0.5081737995716908,0.5098401594715893,0.0,0.0,0.5080654395711293,2
0.003509015,0.5234605019639448,0.4983461815395178,0.4983461815395178,0.4983461815395178,0.4708575155713826,0.4708575155713826,0.4708575155713826,0.4708564620609859,0.4511330813999833,0.4511330813999833,0.4534129073028484,0.0,0.0,0.4509524352343579,2
0.00352464,0.5634000581955931,0.4984984731788127,0.4984984731788127,0.4984984731788127,0.4429328454502836,0.4429328454502836,0.4429328454502836,0.4429306594300842,0.3953647645456135,0.3953647645456135,0.3982117746447132,0.0,0.0,0.3951134424418216,2
0.003540265,0.600899517820678,0.498635948735155,0.498635948735155,0.498635948735155,0.4167168679444739,0.4167168679444739,0.4167168679444739,0.4167136187580008,0.3430134601043419,0.3430134601043419,0.3463582041139952,0.0,0.0,0.3426957901983922,2
0.00355589,0.6345177976357468,0.4987511913223512,0.4987511913223512,0.4987511913223512,0.3932163016371238,0.3932163016371238,0.3932163016371238,0.3932120994546562,0.2960895230911205,0.2960895230911205,0.2998448010127271,0.0,0.0,0.2957123813494329,2
0.003571515,0.6629629660008557,0.4988418965520158,0.4988418965520158,0.4988418965520158,0.373335002169622,0.373335002169622,0.373335002169622,0.3733299938146283,0.2563976953120415,0.2563976953120415,0.2604591465825519,0.0,0.0,0.2559702450479156,2
0.00358714,0.685141891047966,0.4989024637724015,0.4989024637724015,0.4989024637724015,0.3578362566009825,0.3578362566009825,0.3578362566009825,0.3578306198475354,0.2254618197048363,0.2254618197048363,0.2297147078806964,0.0,0.0,0.2249951556761596,2
0.003602765,0.7002022491256027,0.4989326709707766,0.4989326709707766,0.4989326709707766,0.3473164085272917,0.3473164085272917,0.3473164085272917,0.3473103453285747,0.2044722415549446,0.2044722415549446,0.2087930769349793,0.0,0.0,0.2039789673656362,2
0.00361839,0.7075652791187884,0.4989292610605305,0.4989292610605305,0.4989292610605305,0.3421789962047686,0.3421789962047686,0.3421789962047686,0.3421727248718384,0.1942340708978839,0.1942340708978839,0.1984981554680283,0.0,0.0,0.1937278108759964,2
0.003634015,0.7069480239141195,0.4988944520820797,0.4988944520820797,0.4988944520820797,0.3426221765172745,0.3426221765172745,0.3426221765172745,0.3426159233898082,0.1951422679901877,0.1951422679901877,0.1992256753193391,0.0,0.0,0.1946371473910115,2
0.00364964,0.698374204282951,0.4988275039291872,0.4988275039291872,0.4988275039291872,0.3486281911376673,0.3486281911376673,0.3486281911376673,0.3486221818255047,0.2071604072527368,0.2071604072527368,0.2109475701741099,0.0,0.0,0.2066705056486538,2
0.003665265,0.6821733073054553,0.4987330580424047,0.4987330580424047,0.4987330580424047,0.3599669548899977,0.3599669548899977,0.3599669548899977,0.3599614056634679,0.2298281680571439,0.2298281680571439,0.2332134813057923,0.0,0.0,0.2293669820584121,2
0.00368089,0.6589679243669095,0.4986126843617398,0.4986126843617398,0.4986126843617398,0.376202004661053,0.376202004661053,0.376202004661053,0.3761971140794026,0.2622729001387879,0.2622729001387879,0.2651676307404166,0.0,0.0,0.2618528209289285,2
0.003696515,0.6296498253199136,0.4984730593124369,0.4984730593124369,0.4984730593124369,0.3967101528523436,0.3967101528523436,0.3967101528523436,0.3967060941936816,0.3032493174519695,0.3032493174519695,0.3055821489403088,0.0,0.0,0.3028811584058063,2
0.00371214,0.5953456882690642,0.4983175070684904,0.4983175070684904,0.4983175070684904,0.4207025683510159,0.4207025683510159,0.4207025683510159,0.4206994828928235,0.3511811610057925,0.3511811610057925,0.3529038137298739,0.0,0.0,0.3508737383262,2
0.003727765,0.5573738019632423,0.4981540380271059,0.4981540380271059,0.4981540380271059,0.4472579460786812,0.4472579460786812,0.4472579460786812,0.4472559377291545,0.404228001308605,0.404228001308605,0.4053141940101895,0.0,0.0,0.4039877990433868,2
0.00374339,0.517193404698304,0.4979869104910595,0.4979869104910595,0.4979869104910595,0.4753550695126005,0.4753550695126005,0.4753550695126005,0.4753542007569093,0.4603497019822832,0.4603497019822832,0.460799069893506,0.0,0.0,0.4601806190197496,2
0.003759015,0.4763486066077135,0.4978245619743027,0.4978245619743027,0.4978245619743027,0.5039148857566702,0.5039148857566702,0.5039148857566702,0.503915175316349,0.5173911199617972,0.5173911199617972,0.5172263061424984,0.0,0.0,0.5172943240324595,2
0.00377464,0.4364090503760639,0.4976712253320579,0.4976712253320579,0.4976712253320579,0.5318391549986394,0.5318391549986394,0.5318391549986394,0.5318405770514115,0.5731585912040978,0.5731585912040978,0.5724273138363773,0.0,0.0,0.573132470163773,2
0.003790265,0.398909590750979,0.4975347905893987,0.4975347905893987,0.4975347905893987,0.5580554609092214,0.5580554609092214,0.5580554609092214,0.5580579461421126,0.6255106040132663,0.6255106040132663,0.6242808701707953,0.0,0.0,0.6255508316466045,2
0.00380589,0.3652913109359105,0.4974185121619165,0.4974185121619165,0.4974185121619165,0.5815556295522591,0.5815556295522591,0.5815556295522591,0.5815590677644146,0.6724336867806457,0.6724336867806457,0.6707941466162499,0.0,0.0,0.6725333851970756,2
0.003821515,0.3368461425708027,0.4973288386358492,0.4973288386358492,0.4973288386358492,0.6014372542505525,0.6014372542505525,0.6014372542505525,0.6014414986491027,0.712126231725497,0.712126231725497,0.710179788598471,0.0,0.0,0.7122762395394451,2
0.00383714,0.3146672175236925,0.4972672446327619,0.4972672446327619,0.4972672446327619,0.6169356053328946,0.6169356053328946,0.6169356053328946,0.6169404781131442,0.743061244213392,0.743061244213392,0.740924098927707,0.0,0.0,0.7432504647356601,2
0.003852765,0.299606859446056,0.4972380601323176,0.4972380601323176,0.4972380601323176,0.6274557754998528,0.6274557754998528,0.6274557754998528,0.627461074739267,0.76405154856809,0.76405154856809,0.7618457191989657,0.0,0.0,0.7642673801298934,2
0.00386839,0.2922438294528705,0.4972404522136853,0.4972404522136853,0.4972404522136853,0.6325927964778827,0.6325927964778827,0.6325927964778827,0.6325983038347295,0.7742888469893879,0.7742888469893879,0.7721405105510865,0.0,0.0,0.7745176633236948,2
0.003884015,0.2928610846575395,0.4972762749875064,0.4972762749875064,0.4972762749875064,0.6321499351571185,0.6321499351571185,0.6321499351571185,0.6321554243224253,0.7733813853858955,0.7733813853858955,0.7714129818246122,0.0,0.0,0.7736090631804133,2
0.00389964,0.3014349042887082,0.4973422141628858,0.4973422141628858,0.4973422141628858,0.626143532298151,0.626143532298151,0.626143532298151,0.6261487776313434,0.7613623645240953,0.7613623645240953,0.7596909550865557,0.0,0.0,0.7615748222593282,2
0.003915265,0.317635801266204,0.4974376650442877,0.4974376650442877,0.4974376650442877,0.6148050844717441,0.6148050844717441,0.6148050844717441,0.6148098697332605,0.7386953487415999,0.7386953487415999,0.7374250369056631,0.0,0.0,0.7388790917586625,2
0.00393089,0.3408411842047498,0.4975570384976397,0.4975570384976397,0.4975570384976397,0.5985696495328015,0.5985696495328015,0.5985696495328015,0.5985737761325941,0.7062497254466424,0.7062497254466424,0.7054707537928072,0.0,0.0,0.7063923606063152,2
0.003946515,0.3701592832517458,0.4976976598413407,0.4976976598413407,0.4976976598413407,0.5780618142367023,0.5780618142367023,0.5780618142367023,0.5780651089274994,0.6652740629411359,0.6652740629411359,0.6650562303965771,0.0,0.0,0.6653647788288009,2
0.00396214,0.4044634203025954,0.4978522205082756,0.4978522205082756,0.4978522205082756,0.5540690166056899,0.5540690166056899,0.5540690166056899,0.5540713380791364,0.6173413183047128,0.6173413183047128,0.61773443010606,0.0,0.0,0.6173712967527281,2
0.003977765,0.4424353066084158,0.498016677243108,0.498016677243108,0.498016677243108,0.5275139487771483,0.5275139487771483,0.5275139487771483,0.527515193155961,0.5642952428520953,0.5642952428520953,0.5653240465098692,0.0,0.0,0.5642580017821455,2
0.00399339,0.482615703873354,0.4981828217538022,0.4981828217538022,0.4981828217538022,0.4994164462120476,0.4994164462120476,0.4994164462120476,0.4994165509801039,0.5081726309678622,0.5081726309678622,0.5098390332750976,0.0,0.0,0.5080642695173605,2
0.004009015,0.5234605019639462,0.4983461494610743,0.4983461494610743,0.4983461494610743,0.470856936905378,0.470856936905378,0.470856936905378,0.4708558833721388,0.4511319881420841,0.4511319881420841,0.4534117956190804,0.0,0.0,0.4509513405597981,2
0.00402464,0.5634000581955945,0.4984985115322242,0.4984985115322242,0.4984985115322242,0.4429322914993187,0.4429322914993187,0.4429322914993187,0.4429301054560219,0.3953635952982184,0.3953635952982184,0.3982106486945933,0.0,0.0,0.3951122717440521,2
0.004040265,0.6008995178206794,0.4986359170592567,0.4986359170592567,0.4986359170592567,0.4167162895981054,0.4167162895981054,0.4167162895981054,0.41671304038881,0.3430123682112168,0.3430123682112168,0.3463570928907053,0.0,0.0,0.3426946968899649,2
0.00405589,0.6345177976357479,0.4987512292737173,0.4987512292737173,0.4987512292737173,0.3932157477244529,0.3932157477244529,0.3932157477244529,0.3932115455188822,0.2960883531840951,0.2960883531840951,0.2998436753063087,0.0,0.0,0.295711209991592,2
0.004071515,0.6629629660008557,0.4988418652735928,0.4988418652735928,0.4988418652735928,0.3733344241411032,0.3733344241411032,0.3733344241411032,0.3733294157633074,0.2563966047995917,0.2563966047995917,0.2604580358220953,0.0,0.0,0.2559691531215823,2
0.00408714,0.685141891047966,0.4989025013267629,0.4989025013267629,0.4989025013267629,0.3578357027282902,0.3578357027282902,0.3578357027282902,0.3578300659517341,0.2254606491218795,0.2254606491218795,0.2297135824153809,0.0,0.0,0.2249939836419283,2
0.004102765,0.700202249125603,0.4989326400848237,0.4989326400848237,0.4989326400848237,0.3473158308147079,0.3473158308147079,0.3473158308147079,0.3473097675932096,0.2044711524392432,0.2044711524392432,0.2087919666395812,0.0,0.0,0.2039778768374104,2
0.00411839,0.7075652791187884,0.4989292982228588,0.4989292982228588,0.4989292982228588,0.3421784423737681,0.3421784423737681,0.3421784423737681,0.3421721710177227,0.1942328996225048,0.1942328996225048,0.1984970302413221,0.0,0.0,0.1937266381488028,2
0.004134015,0.7069480239141194,0.498894421583655,0.498894421583655,0.498894421583655,0.3426215991189812,0.3426215991189812,0.3426215991189812,0.3426153459687541,0.1951411802880746,0.1951411802880746,0.1992245654916797,0.0,0.0,0.1946360582777614,2
0.00414964,0.6983742042829505,0.498827540704394,0.498827540704394,0.498827540704394,0.3486276373500341,0.3486276373500341,0.3486276373500341,0.3486216280147502,0.207159235267897,0.207159235267897,0.2109464451833017,0.0,0.0,0.206669332211531,2
0.004165265,0.6821733073054546,0.4987330279266331,0.4987330279266331,0.4987330279266331,0.3599663778041224,0.3599663778041224,0.3599663778041224,0.3599608285548527,0.2298270817853299,0.2298270817853299,0.2332123719481066,0.0,0.0,0.2293658943768717,2
0.00418089,0.6589679243669087,0.4986127207546689,0.4986127207546689,0.4986127207546689,0.3762014509183258,0.3762014509183258,0.3762014509183258,0.3761965603135476,0.2622717274269809,0.2622717274269809,0.2651665059826407,0.0,0.0,0.2618516467643106,2
0.004196515,0.6296498253199123,0.4984730295745043,0.4984730295745043,0.4984730295745043,0.3967095760771176,0.3967095760771176,0.3967095760771176,0.3967055173957365,0.3032482326277137,0.3032482326277137,0.3055810400550547,0.0,0.0,0.3028800721732471,2
0.00421214,0.595345688269063,0.4983175430839268,0.4983175430839268,0.4983175430839268,0.4207020146549277,0.4207020146549277,0.4207020146549277,0.4206989291736011,0.3511799875495086,0.3511799875495086,0.3529026892025783,0.0,0.0,0.3508725634165789,2
0.004227765,0.5573738019632423,0.4981540086622584,0.4981540086622584,0.4981540086622584,0.4472573696125392,0.4472573696125392,0.4472573696125392,0.4472553612403144,0.4042269179498802,0.4042269179498802,0.4053130856002117,0.0,0.0,0.4039867142778215,2
0.00424339,0.517193404698304,0.4979869461337247,0.4979869461337247,0.4979869461337247,0.4753545158647146,0.4753545158647146,0.4753545158647146,0.4753536470858824,0.4603485277633034,0.4603485277633034,0.4607979455937791,0.0,0.0,0.4601794433469355,2
0.004259015,0.4763486066077135,0.4978245329778512,0.4978245329778512,0.4978245329778512,0.5039143095978188,0.5039143095978188,0.5039143095978188,0.5039145991348207,0.5173900380865257,0.5173900380865257,0.5172251982102501,0.0,0.0,0.517293240751791,2
0.00427464,0.4364090503760639,0.4976712606066122,0.4976712606066122,0.4976712606066122,0.5318386014005478,0.5318386014005478,0.5318386014005478,0.5318400234301721,0.5731574162040686,0.5731574162040686,0.5724261897614977,0.0,0.0,0.5731312937092874,2
0.004290265,0.3989095907509791,0.4975347619567114,0.4975347619567114,0.4975347619567114,0.5580548850560376,0.5580548850560376,0.5580548850560376,0.5580573702662732,0.6255095236401143,0.6255095236401143,0.6242797627191359,0.0,0.0,0.6255497498694247,2
0.00430589,0.3652913109359105,0.4974185470729635,0.4974185470729635,0.4974185470729635,0.5815550760054501,0.5815550760054501,0.5815550760054501,0.5815585141944508,0.6724325109804736,0.6724325109804736,0.6707930227631191,0.0,0.0,0.6725322079418767,2
0.004321515,0.3368461425708028,0.4973288103623563,0.4973288103623563,0.4973288103623563,0.6014366787012511,0.6014366787012511,0.6014366787012511,0.6014409230771671,0.7121251528729302,0.7121251528729302,0.7101786816297123,0.0,0.0,0.7122751592843823,2
0.00433714,0.3146672175236925,0.4972672791848422,0.4972672791848422,0.4972672791848422,0.616935051838952,0.616935051838952,0.616935051838952,0.6169399245960397,0.7430600675938168,0.7430600675938168,0.7409229752933878,0.0,0.0,0.7432492866605374,2
0.004352765,0.299606859446056,0.4972380322135068,0.4972380322135068,0.4972380322135068,0.6274552002529517,0.6274552002529517,0.6274552002529517,0.6274604994697535,0.7640504712557615,0.7640504712557615,0.7618446127162471,0.0,0.0,0.7642663014165474,2
0.00436839,0.2922438294528705,0.4972404864112802,0.4972404864112802,0.4972404864112802,0.6325922430383202,0.6325922430383202,0.6325922430383202,0.6325977503719977,0.7742876695307934,0.7742876695307934,0.7721393871326621,0.0,0.0,0.7745164844089232,2
0.004384015,0.2928610846575393,0.4972762474189238,0.4972762474189238,0.4972762474189238,0.6321493602110065,0.6321493602110065,0.6321493602110065,0.6321548493537228,0.7733803096334528,0.7733803096334528,0.7714118758307068,0.0,0.0,0.7736079860284999,2
0.00439964,0.301434904288708,0.4973422480104235,0.4973422480104235,0.4973422480104235,0.626142978914511,0.626142978914511,0.626142978914511,0.6261482242245267,0.7613611862064064,0.7613611862064064,0.7596898318810072,0.0,0.0,0.7615736424848651,2
0.004415265,0.3176358012662039,0.4974376378215379,0.4974376378215379,0.4974376378215379,0.6148045098247811,0.6148045098247811,0.6148045098247811,0.6148092950637288,0.7386942745691489,0.7386942745691489,0.7374239314034395,0.0,0.0,0.7388780161882222,2
0.00443089,0.3408411842047508,0.4975570719994873,0.4975570719994873,0.4975570719994873,0.5985690962064567,0.5985690962064567,0.5985690962064567,0.5985732227830651,0.7062485462490962,0.7062485462490962,0.7054696307968069,0.0,0.0,0.7063911799513918,2
0.004446515,0.3701592832517469,0.497697632960083,0.497697632960083,0.497697632960083,0.5780612398872852,0.5780612398872852,0.5780612398872852,0.5780645345555357,0.6652729903691377,0.6652729903691377,0.6650551253888753,0.0,0.0,0.6653637048603391,2
0.00446214,0.4044634203025965,0.4978522536687455,0.4978522536687455,0.4978522536687455,0.554068463338142,0.554068463338142,0.554068463338142,0.5540707847883963,0.6173401382064547,0.6173401382064547,0.6177333073165585,0.0,0.0,0.6173701151964375,2
0.004477765,0.4424353066084173,0.4980166506990588,0.4980166506990588,0.4980166506990588,0.5275133747237774,0.5275133747237774,0.5275133747237774,0.5275146190800659,0.564294171901631,0.564294171901631,0.5653229419997745,0.0,0.0,0.5642569294367725,2
0.00449339,0.4826157038733557,0.498182854577152,0.498182854577152,0.498182854577152,0.499415893004728,0.499415893004728,0.499415893004728,0.4994159977495842,0.508171449947386,0.508171449947386,0.5098379106887864,0.0,0.0,0.5080630870382528,2
0.004509015,0.5234605019639461,0.498346123250005,0.498346123250005,0.498346123250005,0.4708563631464246,0.4708563631464246,0.4708563631464246,0.4708553095906837,0.4511309188344407,0.4511309188344407,0.4534106916094941,0.0,0.0,0.4509502698587734,2
0.00452464,0.5634000581955944,0.4984985440226563,0.4984985440226563,0.4984985440226563,0.4429317383535553,0.4429317383535553,0.4429317383535553,0.4429295522870503,0.3953624133335485,0.3953624133335485,0.3982095263080822,0.0,0.0,0.3951110883200594,2
0.004540265,0.6008995178206792,0.4986358911769932,0.4986358911769932,0.4986358911769932,0.4167157161321437,0.4167157161321437,0.4167157161321437,0.4167124669003693,0.3430113005684285,0.3430113005684285,0.3463559893848719,0.0,0.0,0.3426936278553705,2
0.00455589,0.6345177976357478,0.4987512614353795,0.4987512614353795,0.4987512614353795,0.3932151946417361,0.3932151946417361,0.3932151946417361,0.3932109924129487,0.2960871702530543,0.2960871702530543,0.2998425531164095,0.0,0.0,0.295710025600551,2
0.004571515,0.6629629660008557,0.4988418397160163,0.4988418397160163,0.4988418397160163,0.3733338509665121,0.3733338509665121,0.3733338509665121,0.3733288425662605,0.2563955388437819,0.2563955388437819,0.2604569328229617,0.0,0.0,0.255968085775533,2
0.00458714,0.685141891047966,0.4989025331637484,0.4989025331637484,0.4989025331637484,0.3578351497099072,0.3578351497099072,0.3578351497099072,0.3578295129101258,0.2254594652014915,0.2254594652014915,0.2297124604185033,0.0,0.0,0.2249927982608409,2
0.004602765,0.700202249125603,0.4989326148478636,0.4989326148478636,0.4989326148478636,0.3473152579301025,0.3473152579301025,0.3473152579301025,0.3473091946861711,0.2044700881933793,0.2044700881933793,0.208790864150515,0.0,0.0,0.2039768112029268,2
0.00461839,0.7075652791187884,0.498929329739211,0.498929329739211,0.498929329739211,0.3421778894211024,0.3421778894211024,0.3421778894211024,0.3421716180418228,0.1942317146895457,0.1942317146895457,0.1984959084340528,0.0,0.0,0.1937254517544244,2
0.004634015,0.7069480239141194,0.4988943966632986,0.4988943966632986,0.4988943966632986,0.3426210265229132,0.3426210265229132,0.3426210265229132,0.3426147733502764,0.1951401177754717,0.1951401177754717,0.1992234635159787,0.0,0.0,0.1946349943781812,2
0.00464964,0.6983742042829505,0.4988275719040991,0.4988275719040991,0.4988275719040991,0.3486270844645649,0.3486270844645649,0.3486270844645649,0.3486210751060378,0.2071580492988931,0.2071580492988931,0.2109453235623871,0.0,0.0,0.2066681447803628,2
0.004665265,0.6821733073054546,0.498733003318915,0.498733003318915,0.498733003318915,0.3599658054952471,0.3599658054952471,0.3599658054952471,0.3599602562235912,0.2298260210300153,0.2298260210300153,0.2332112704893621,0.0,0.0,0.2293648322361897,2
0.00468089,0.6589679243669087,0.4986127516416689,0.4986127516416689,0.4986127516416689,0.3762008981013297,0.3762008981013297,0.3762008981013297,0.3761960074732992,0.2622705403975525,0.2622705403975525,0.2651653845443652,0.0,0.0,0.2618504582719907,2
0.004696515,0.6296498253199123,0.4984730052755135,0.4984730052755135,0.4984730052755135,0.3967090040539278,0.3967090040539278,0.3967090040539278,0.3967049453501843,0.3032471736537442,0.3032471736537442,0.3055799391164512,0.0,0.0,0.3028790118155958,2
0.00471214,0.5953456882690631,0.4983175736621086,0.4983175736621086,0.4983175736621086,0.4207014619076115,0.4207014619076115,0.4207014619076115,0.420698376403023,0.3511787994347158,0.3511787994347158,0.3529015679430994,0.0,0.0,0.3508713738381395,2
0.004727765,0.5573738019632423,0.4981539846681335,0.4981539846681335,0.4981539846681335,0.4472567978735313,0.4472567978735313,0.4472567978735313,0.4472547894789681,0.4042258607819206,0.4042258607819206,0.4053119851850986,0.0,0.0,0.4039856557278112,2
0.00474339,0.5171934046983042,0.4979869764069256,0.4979869764069256,0.4979869764069256,0.475353963188381,0.475353963188381,0.475353963188381,0.4753530943862773,0.460347338537929,0.460347338537929,0.4607968245094161,0.0,0.0,0.4601782526571262,2
0.004759015,0.4763486066077135,0.4978245092847793,0.4978245092847793,0.4978245092847793,0.5039137381416584,0.5039137381416584,0.5039137381416584,0.5039140276563461,0.5173889827499963,0.5173889827499963,0.5172240983222839,0.0,0.0,0.5172921840348508,2
0.00477464,0.4364090503760639,0.4976712905786211,0.4976712905786211,0.4976712905786211,0.531838048796397,0.531838048796397,0.531838048796397,0.5318394708027397,0.573156225842176,0.573156225842176,0.5724250688483172,0.0,0.0,0.5731301018821653,2
0.004790265,0.3989095907509791,0.4975347385609301,0.4975347385609301,0.4975347385609301,0.5580543138813275,0.5580543138813275,0.5580543138813275,0.5580567990692731,0.6255084701606759,0.6255084701606759,0.6242786633617516,0.0,0.0,0.6255486950113496,2
0.00480589,0.3652913109359106,0.4974185767475192,0.4974185767475192,0.4974185767475192,0.5815545234748773,0.5815545234748773,0.5815545234748773,0.5815579616405865,0.672431319455999,0.672431319455999,0.6707919020175032,0.0,0.0,0.6725310149513963,2
0.004821515,0.3368461425708028,0.4973287872601495,0.4973287872601495,0.4973287872601495,0.60143610780673,0.60143610780673,0.60143610780673,0.6014403521603807,0.7121241012771956,0.7121241012771956,0.710177582806839,0.0,0.0,0.7122741063117388,2
0.00483714,0.3146672175236925,0.4972673085656356,0.4972673085656356,0.4972673085656356,0.6169344993831174,0.6169344993831174,0.6169344993831174,0.6169393721169031,0.7430588748798312,0.7430588748798312,0.740921854711338,0.0,0.0,0.7432480924796738,2
0.004852765,0.299606859446056,0.4972380094012085,0.4972380094012085,0.4972380094012085,0.6274546296371953,0.6274546296371953,0.6274546296371953,0.6274599288317568,0.7640494215704484,0.7640494215704484,0.7618435144314426,0.0,0.0,0.7642652503560872,2
0.00486839,0.2922438294528705,0.4972405155019572,0.4972405155019572,0.4972405155019572,0.6325916906584468,0.6325916906584468,0.6325916906584468,0.6325971979688114,0.7742864755998979,0.7742864755998979,0.7721382667101787,0.0,0.0,0.774515289010264,2
0.004884015,0.2928610846575393,0.4972762248929139,0.4972762248929139,0.4972762248929139,0.6321487898726947,0.6321487898726947,0.6321487898726947,0.6321542789931959,0.7733792618861107,0.7733792618861107,0.7714107780878765,0.0,0.0,0.7736069369077048,2
0.00489964,0.301434904288708,0.4973422768145794,0.4973422768145794,0.4973422768145794,0.6261424266117521,0.6261424266117521,0.6261424266117521,0.6261476718984442,0.7613599910304725,0.7613599910304725,0.7596887116138615,0.0,0.0,0.7615724458403295,2
0.004915265,0.3176358012662039,0.4974376155782427,0.4974376155782427,0.4974376155782427,0.614803939762562,0.614803939762562,0.614803939762562,0.61480872497932,0.7386932287875934,0.7386932287875934,0.7374228342062613,0.0,0.0,0.738876969035043,2
0.00493089,0.3408411842047507,0.4975571005206749,0.4975571005206749,0.4975571005206749,0.5985685439819297,0.5985685439819297,0.5985685439819297,0.5985726705352032,0.706247349799497,0.706247349799497,0.7054685106807614,0.0,0.0,0.7063899820322885,2
0.004946515,0.3701592832517469,0.4976976109959765,0.4976976109959765,0.4976976109959765,0.5780606700998115,0.5780606700998115,0.5780606700998115,0.5780639647458979,0.66527194658188,0.66527194658188,0.6650540287412223,0.0,0.0,0.6653626597032785,2
0.00496214,0.4044634203025965,0.49785228191047,0.49785228191047,0.49785228191047,0.5540679111930596,0.5540679111930596,0.5540679111930596,0.5540702326199679,0.6173389404541646,0.6173389404541646,0.6177321873474773,0.0,0.0,0.6173689159737217,2
0.004977765,0.4424353066084187,0.4980166290106584,0.4980166290106584,0.4980166290106584,0.5275128052098702,0.5275128052098702,0.5275128052098702,0.5275140495440206,0.5642931301380764,0.5642931301380764,0.5653218459059015,0.0,0.0,0.5642558863052249,2
0.00499339,0.4826157038733569,0.4981828825428724,0.4981828825428724,0.4981828825428724,0.4994153409403012,0.4994153409403012,0.4994153409403012,0.4994154456617996,0.5081702508628536,0.5081702508628536,0.5098367908625272,0.0,0.0,0.5080618864823119,2
0.005,0.4999045542858289,0.4982520927417444,0.4982520927417444,0.4982520927417444,0.4873261033390164,0.4873261033390164,0.4873261033390164,0.4873257177566208,0.4840254442408788,0.4840254442408788,0.4859509855775761,0.0,0.0,0.4838864815254365,2
