TIME1,V1,V2,V3,V4,V5,V6,V7,V8,V9,V10,V11,V12,V13,V14
0.0,1.62,1.6182957027507625,1.6182957027507625,1.6182957027507625,1.6182956967401907,1.6182956967401907,1.6182956967401907,1.618295729243448,1.6200057254723017,1.6200057254723017,1.6200057253896814,1.62,1.62,1.6200017365329586
1e-07,1.6206283183653514,1.6183311672395528,1.6183311672395528,1.6183311672395528,1.6181335433883437,1.6181335433883437,1.6181335433883437,1.618133573376623,1.6194950226892435,1.6194950226892435,1.619855386036413,1.62,1.62,1.6197464317184167
1.0691647924469276e-07,1.6206717758493785,1.6183318055844276,1.6183318055844276,1.6183318055844276,1.6181205804699963,1.6181205804699963,1.6181205804699963,1.6181206103015742,1.6194574829563086,1.6194574829563086,1.6198442266484652,1.62,1.62,1.6197276647540817
1.207494377340783e-07,1.6207586908018798,1.6183306629003789,1.6183306629003789,1.6183306629003789,1.6180934155461024,1.6180934155461024,1.6180934155461024,1.618093445031812,1.6193775191858475,1.6193775191858475,1.619820291190627,1.62,1.62,1.6196876892743557
1.484153547128494e-07,1.6209325206354808,1.6183211604690328,1.6183211604690328,1.6183211604690328,1.6180431330880864,1.6180431330880864,1.6180431330880864,1.6180431610829122,1.6191664592442565,1.6191664592442565,1.6197604596037938,1.62,1.62,1.6195821869138212
2.037471886703916e-07,1.621280179943538,1.618302423099135,1.618302423099135,1.618302423099135,1.6179865876646882,1.6179865876646882,1.6179865876646882,1.6179865952620762,1.617541649670566,1.617541649670566,1.619469401635424,1.62,1.62,1.6187701598657096
2.954627730787946e-07,1.6218564430892608,1.6182930987011814,1.6182930987011814,1.6182930987011814,1.6179739990975044,1.6179739990975044,1.6179739990975044,1.6179742746886467,1.637378323395329,1.637378323395329,1.6220358213797543,1.62,1.62,1.6286835337817127
3.953047865929627e-07,1.6224837630118456,1.6182961171405794,1.6182961171405794,1.6182961171405794,1.6179834613483712,1.6179834613483712,1.6179834613483712,1.6179818068346854,1.4943511730229857,1.4943511730229857,1.6026717803607342,1.62,1.62,1.5572057019922871
4.019900143741205e-07,1.6225257670097395,1.6182962056230243,1.6182962056230243,1.6182962056230243,1.6179834722180484,1.6179834722180484,1.6179834722180484,1.6179814668943626,1.4683515739759032,1.4683515739759032,1.599162341263693,1.62,1.62,1.5442123990801648
4.1536046993643605e-07,1.6226097749517543,1.6182963202338498,1.6182963202338498,1.6182963202338498,1.6179833661681708,1.6179833661681708,1.6179833661681708,1.6179804552906505,1.4012379492157807,1.4012379492157807,1.5901060123002688,1.62,1.62,1.5106723565509663
4.42101381061067e-07,1.62277779061239,1.6182963459348485,1.6182963459348485,1.6182963459348485,1.6179829029699015,1.6179829029699015,1.6179829029699015,1.6179767102864513,1.158012172793033,1.158012172793033,1.557298770901063,1.62,1.62,1.389120243739018
4.95583203310329e-07,1.6231138209736815,1.6182960871561214,1.6182960871561214,1.6182960871561214,1.6179819760028182,1.6179819760028182,1.6179819760028182,1.6179625147389152,0.1746345313633476,0.1746345313633476,1.3784561570516427,1.62,1.62,0.8976771423915061
5.238764025699699e-07,1.6232915887396728,1.6182960478634127,1.6182960478634127,1.6182960478634127,1.617981885055125,1.617981885055125,1.617981885055125,1.6179620811265052,0.1492384009939465,0.1492384009939465,1.2428654732716338,1.62,1.62,0.884985422976624
5.494755399048425e-07,1.6234524292047785,1.6182960803510738,1.6182960803510738,1.6182960803510738,1.6179819453165982,1.6179819453165982,1.6179819453165982,1.6179619344252498,0.1338998696598016,0.1338998696598016,1.1312128619354085,1.62,1.62,0.8773199900293288
5.809704493792724e-07,1.6236503125642554,1.6182960732667169,1.6182960732667169,1.6182960732667169,1.617981922156156,1.617981922156156,1.617981922156156,1.6179615960178242,0.1105358883840571,0.1105358883840571,1.006810739074478,1.62,1.62,0.8656438374153215
6.439602683281323e-07,1.6240460775368677,1.61829607808069,1.61829607808069,1.61829607808069,1.6179819261744663,1.6179819261744663,1.6179819261744663,1.61796116868056,0.0785667924411922,0.0785667924411922,0.7949223431220539,1.62,1.62,0.8496672776698586
7.69939906225852e-07,1.624837599628832,1.6182960726918036,1.6182960726918036,1.6182960726918036,1.6179819173549486,1.6179819173549486,1.6179819173549486,1.6179604379307602,0.0250622750806901,0.0250622750806901,0.4856405408087382,1.62,1.62,0.8229283883362885
9.671255555720014e-07,1.6260764794940148,1.6182960783090046,1.6182960783090046,1.6182960783090046,1.6179819366125343,1.6179819366125343,1.6179819366125343,1.6179598695932311,-0.0184861888774026,-0.0184861888774026,0.2044847386734204,1.62,1.62,0.8011650379658918
1.1420449856e-06,1.62717543395762,1.6182960753259463,1.6182960753259463,1.6182960753259463,1.617981937726283,1.617981937726283,1.617981937726283,1.6179595586527926,-0.0416134935476328,-0.0416134935476328,0.079088324730385,1.62,1.62,0.7896071645276046
1.2991068829e-06,1.628162166721604,1.6182960781128624,1.6182960781128624,1.6182960781128624,1.617981952999029,1.617981952999029,1.617981952999029,1.6179594716424124,-0.0491939837739951,-0.0491939837739951,0.0176456531248395,1.62,1.62,0.7858188135842733
1.4547262101e-06,1.6291398052712411,1.6182960759068052,1.6182960759068052,1.6182960759068052,1.617981958351351,1.617981958351351,1.617981958351351,1.6179593663984737,-0.057390606112052,-0.057390606112052,-0.0171227870827003,1.62,1.62,0.7817225505351103
1.6150327308e-06,1.6301468533254782,1.6182960777604585,1.6182960777604585,1.6182960777604585,1.617981974181911,1.617981974181911,1.617981974181911,1.6179593704261308,-0.058265324312111,-0.058265324312111,-0.0375237217887884,1.62,1.62,0.7812854100117277
1.8151541563e-06,1.63140396096812,1.6182960759080445,1.6182960759080445,1.6182960759080445,1.6179819868480396,1.6179819868480396,1.6179819868480396,1.6179593196750124,-0.0629653485036309,-0.0629653485036309,-0.0511248435794467,1.62,1.62,0.7789365723329199
2.0393173146e-06,1.6328120061344709,1.6182960764971517,1.6182960764971517,1.6182960764971517,1.6179820087031005,1.6179820087031005,1.6179820087031005,1.6179593360890618,-0.0633685550870115,-0.0633685550870115,-0.0590400784676189,1.62,1.62,0.7787350698027168
2.2746740182e-06,1.6342902521673013,1.6182960762743337,1.6182960762743337,1.6182960762743337,1.617982033155992,1.617982033155992,1.617982033155992,1.6179593529830147,-0.0639287226366741,-0.0639287226366741,-0.0624693231192733,1.62,1.62,0.7784551260110275
2.628600653e-06,1.6365129817034387,1.6182960758759517,1.6182960758759517,1.6182960758759517,1.617982075058258,1.617982075058258,1.617982075058258,1.6179593919272013,-0.0641478713167008,-0.0641478713167008,-0.0638020577592811,1.62,1.62,0.7783456064513614
3.3065766248e-06,1.6407698557939907,1.6182960752972944,1.6182960752972944,1.6182960752972944,1.617982170118258,1.617982170118258,1.617982170118258,1.61795948599996,-0.0642208487097318,-0.0642208487097318,-0.0642499532508548,1.62,1.62,0.778309136037454
4.117870629e-06,1.6458617988515567,1.618296074028647,1.618296074028647,1.618296074028647,1.617982316548371,1.617982316548371,1.617982316548371,1.617959632508767,-0.0642147236177703,-0.0642147236177703,-0.0642095145915405,1.62,1.62,0.7783121971261142
5.7404586374e-06,1.6560370919654863,1.618296072741925,1.618296072741925,1.618296072741925,1.61798269220069,1.61798269220069,1.61798269220069,1.6179600081384231,-0.0642156518881155,-0.0642156518881155,-0.0642182731556338,1.62,1.62,0.7783117334106188
8.9856346542e-06,1.6763385080324211,1.6182960678516238,1.6182960678516238,1.6182960678516238,1.6179838139890936,1.6179838139890936,1.6179838139890936,1.6179611299002783,-0.0642153758939016,-0.0642153758939016,-0.0642134649251273,1.62,1.62,0.7783118718993608
1.54759866878e-05,1.7166267025960935,1.618296058458601,1.618296058458601,1.618296058458601,1.6179875034257396,1.6179875034257396,1.6179875034257396,1.6179648192360316,-0.0642154744041829,-0.0642154744041829,-0.0642171157069501,1.62,1.62,0.7783118245125819
2.84566907551e-05,1.795012280185856,1.6182960308177554,1.6182960308177554,1.6182960308177554,1.6180006101404762,1.6180006101404762,1.6180006101404762,1.6179779255966795,-0.0642155033178892,-0.0642155033178892,-0.064213977893486,1.62,1.62,0.7783118166128591
4.40816907551e-05,1.8830239734196133,1.61829598165307,1.61829598165307,1.61829598165307,1.6180279399355484,1.6180279399355484,1.6180279399355484,1.618005254653493,-0.0642155578195251,-0.0642155578195251,-0.0642169907966875,1.62,1.62,0.7783118030333596
5.97066907551e-05,1.9609278028603991,1.6182959292428525,1.6182959292428525,1.6182959292428525,1.618065135709532,1.618065135709532,1.618065135709532,1.6180424494213113,-0.0642157355953667,-0.0642157355953667,-0.064214382634251,1.62,1.62,0.7783117327779511
7.53316907551e-05,2.025729968031774,1.6182958585225475,1.6182958585225475,1.6182958585225475,1.6181116078526032,1.6181116078526032,1.6181116078526032,1.6180889203096325,-0.0642157837850388,-0.0642157837850388,-0.0642170547546745,1.62,1.62,0.7783117319189887
9.09566907551e-05,2.074940158067675,1.6182957933953968,1.6182957933953968,1.6182957933953968,1.618164745911992,1.618164745911992,1.618164745911992,1.6181420569311504,-0.0642160716947559,-0.0642160716947559,-0.0642148678173076,1.62,1.62,0.7783116145911059
0.0001065816907551,2.106667252962416,1.6182957111337488,1.6182957111337488,1.6182957111337488,1.6182233172794778,1.6182233172794778,1.6182233172794778,1.618200626717637,-0.0642161005715417,-0.0642161005715417,-0.0642172319083444,1.62,1.62,0.7783116294301865
0.0001222066907551,2.1196919982519504,1.6182956441129503,1.6182956441129503,1.6182956441129503,1.6182842765785932,1.6182842765785932,1.6182842765785932,1.618261584366782,-0.0642164651747548,-0.0642164651747548,-0.0642153903338539,1.62,1.62,0.7783114776832796
0.0001378316907551,2.113513860279164,1.6182955617716244,1.6182955617716244,1.6182955617716244,1.6183460608932827,1.6183460608932827,1.6183460608932827,1.618323367014293,-0.0642164551183277,-0.0642164551183277,-0.0642174662599445,1.62,1.62,0.7783115135848657
0.0001534566907551,2.0883702614216104,1.6182955042737337,1.6182955042737337,1.6182955042737337,1.6184055308184284,1.6184055308184284,1.6184055308184284,1.61838283532911,-0.0642168605309407,-0.0642168605309407,-0.0642158975143971,1.62,1.62,0.7783113406991613
0.0001690816907551,2.045227456082693,1.618295433026198,1.618295433026198,1.618295433026198,1.61846115152768,1.61846115152768,1.61846115152768,1.6184384545383388,-0.0642167893462174,-0.0642167893462174,-0.0642176971407936,1.62,1.62,0.7783114040694417
0.0001847066907551,1.9857433980768224,1.6182953953137091,1.6182953953137091,1.6182953953137091,1.6185100493307758,1.6185100493307758,1.6185100493307758,1.618487351016317,-0.0642172013936129,-0.0642172013936129,-0.0642163353736804,1.62,1.62,0.7783112225847272
0.0002003316907551,1.91220402639412,1.618295344353357,1.618295344353357,1.618295344353357,1.618551067124415,1.618551067124415,1.618551067124415,1.6185283677051057,-0.0642170488514113,-0.0642170488514113,-0.0642178678460881,1.62,1.62,0.7783113193158057
0.0002159566907551,1.8274354178469976,1.6182953339632395,1.6182953339632395,1.6182953339632395,1.6185819206664414,1.6185819206664414,1.6185819206664414,1.6185592204092498,-0.0642174391862168,-0.0642174391862168,-0.0642166573256924,1.62,1.62,0.7783111396645822
0.0002315816907551,1.7346951825231378,1.618295309112782,1.618295309112782,1.618295309112782,1.6186021183077073,1.6186021183077073,1.6186021183077073,1.618579417508809,-0.064217191099919,-0.064217191099919,-0.0642179337899282,1.62,1.62,0.7783112737392425
0.0002472066907551,1.6375472756567129,1.618295329700124,1.618295329700124,1.618295329700124,1.6186102036018026,1.6186102036018026,1.6186102036018026,1.6185875025799992,-0.0642175405759805,-0.0642175405759805,-0.0642168316935028,1.62,1.62,0.778311103129054
0.0002628316907551,1.5397250368274262,1.6182953325339722,1.6182953325339722,1.6182953325339722,1.618606532467474,1.618606532467474,1.618606532467474,1.6185838315494456,-0.0642171918192859,-0.0642171918192859,-0.0642178688728903,1.62,1.62,0.7783112755856559
0.0002784566907551,1.4449877198141436,1.618295383306775,1.618295383306775,1.618295383306775,1.6185905928410669,1.6185905928410669,1.6185905928410669,1.6185678923491276,-0.0642174925931457,-0.0642174925931457,-0.0642168468890893,1.62,1.62,0.7783111173082664
0.0002940816907551,1.356976026580386,1.6182954109200174,1.6182954109200174,1.6182954109200174,1.6185636370686147,1.6185636370686147,1.6185636370686147,1.6185409373100954,-0.0642170486234543,-0.0642170486234543,-0.0642176690943865,1.62,1.62,0.778311325711389
0.0003097066907551,1.2790721971396004,1.6182954867511856,1.6182954867511856,1.6182954867511856,1.6185260744586691,1.6185260744586691,1.6185260744586691,1.618503375710362,-0.0642173046505728,-0.0642173046505728,-0.0642167134924858,1.62,1.62,0.7783111789903918
0.0003253316907551,1.2142700319682256,1.6182955322103392,1.6182955322103392,1.6182955322103392,1.618479962038244,1.618479962038244,1.618479962038244,1.6184572645413895,-0.0642167813254949,-0.0642167813254949,-0.0642173528602072,1.62,1.62,0.7783114174781
0.0003409566907551,1.1650598419323244,1.6182956244098126,1.6182956244098126,1.6182956244098126,1.618426471296649,1.618426471296649,1.618426471296649,1.6184037752402514,-0.0642170071620299,-0.0642170071620299,-0.0642164629253916,1.62,1.62,0.77831127788498
0.0003565816907551,1.133332747037584,1.6182956778167188,1.6182956778167188,1.6182956778167188,1.618368245643338,1.618368245643338,1.618368245643338,1.6183455511660234,-0.0642164288902811,-0.0642164288902811,-0.0642169579327515,1.62,1.62,0.7783115377788676
0.0003722066907551,1.1203080017480496,1.6182957754462015,1.6182957754462015,1.6182957754462015,1.6183069475261376,1.6183069475261376,1.6183069475261376,1.6182842547000746,-0.0642166469672586,-0.0642166469672586,-0.0642161429240103,1.62,1.62,0.7783113981619556
0.0003878316907551,1.1264861397208366,1.618295825453105,1.618295825453105,1.618295825453105,1.6182454952049206,1.6182454952049206,1.6182454952049206,1.6182228040453557,-0.0642160434833597,-0.0642160434833597,-0.0642165354759368,1.62,1.62,0.7783116690431345
0.0004034566907551,1.1516297385783902,1.6182959169832245,1.6182959169832245,1.6182959169832245,1.6181857000399031,1.6181857000399031,1.6181857000399031,1.6181630104907787,-0.064216280251931,-0.064216280251931,-0.064215810496338,1.62,1.62,0.7783115208361764
0.0004190816907551,1.194772543917308,1.6182959525283869,1.6182959525283869,1.6182959525283869,1.618130397887469,1.618130397887469,1.618130397887469,1.6181077098387964,-0.0642156825109113,-0.0642156825109113,-0.0642161420862454,1.62,1.62,0.7783117919208155
0.0004347066907551,1.2542566019231791,1.6182960275859997,1.6182960275859997,1.6182960275859997,1.6180811881405273,1.6180811881405273,1.6180811881405273,1.6180585014160325,-0.0642159640312841,-0.0642159640312841,-0.0642155234307407,1.62,1.62,0.7783116266390602
0.0004503316907551,1.327795973605881,1.6182960395856023,1.6182960395856023,1.6182960395856023,1.6180404757473812,1.6180404757473812,1.6180404757473812,1.6180177901291657,-0.0642153998541143,-0.0642153998541143,-0.0642158310110517,1.62,1.62,0.7783118882411979
0.0004659566907551,1.4125645821530035,1.6182960905252344,1.6182960905252344,1.6182960905252344,1.618009323279058,1.618009323279058,1.618009323279058,1.6179866384968336,-0.0642157474899461,-0.0642157474899461,-0.0642153316477247,1.62,1.62,0.7783116989421173
0.0004815816907551,1.5053048174768642,1.618296073264009,1.618296073264009,1.618296073264009,1.617989418158588,1.617989418158588,1.617989418158588,1.6179667339204038,-0.0642152376310385,-0.0642152376310385,-0.0642156438867181,1.62,1.62,0.778311943796853
0.0004972066907551,1.6024527243432884,1.6182960963241844,1.6182960963241844,1.6182960963241844,1.617981046680964,1.617981046680964,1.617981046680964,1.617958362662933,-0.0642156645001787,-0.0642156645001787,-0.0642152697180428,1.62,1.62,0.7783117262854119
0.0005128316907551,1.700274963172575,1.618296048333059,1.618296048333059,1.618296048333059,1.617984997729328,1.617984997729328,1.617984997729328,1.617962313610675,-0.0642152197464994,-0.0642152197464994,-0.0642156042578683,1.62,1.62,0.7783119505256032
0.0005284566907551,1.795012280185858,1.6182960442014789,1.6182960442014789,1.6182960442014789,1.618000663643879,1.618000663643879,1.618000663643879,1.6179779790956006,-0.0642157284672933,-0.0642157284672933,-0.0642153516983059,1.62,1.62,0.7783117041211535
0.0005440816907551,1.8830239734196152,1.6182959684886238,1.6182959684886238,1.6182959684886238,1.618027886992862,1.618027886992862,1.618027886992862,1.6180052017150637,-0.0642153482217561,-0.0642153482217561,-0.0642157138721214,1.62,1.62,0.7783119077534136
0.0005597066907551,1.9609278028604005,1.6182959421901555,1.6182959421901555,1.6182959421901555,1.6180651880952033,1.6180651880952033,1.6180651880952033,1.6180425018029418,-0.0642159302972389,-0.0642159302972389,-0.0642155690826949,1.62,1.62,0.7783116355018447
0.0005745504407551,2.022841755243672,1.6182958704873025,1.6182958704873025,1.6182958704873025,1.6181070079269346,1.6181070079269346,1.6181070079269346,1.61808432050756,-0.0642158236413392,-0.0642158236413392,-0.0642158166114734,1.62,1.62,0.778311709702046
0.0005901754407551,2.0728817742891765,1.6182957893311234,1.6182957893311234,1.6182957893311234,1.618161417885177,1.618161417885177,1.618161417885177,1.6181387289952167,-0.0642159923443028,-0.0642159923443028,-0.06421599143463,1.62,1.62,0.7783116525833679
0.0006058004407551,2.105517800727773,1.618295720148998,1.618295720148998,1.618295720148998,1.618220827895516,1.618220827895516,1.618220827895516,1.6181981373998549,-0.064216174620302,-0.064216174620302,-0.0642161700434213,1.62,1.62,0.7783115911802727
0.0006214254407551,2.119495650365921,1.6182956450866286,1.6182956450866286,1.6182956450866286,1.6182806830473115,1.6182806830473115,1.6182806830473115,1.6182579909338994,-0.0642163596547306,-0.0642163596547306,-0.0642163584446113,1.62,1.62,0.7783115286211056
0.0006370504407551,2.1142781622808937,1.6182955656476414,1.6182955656476414,1.6182955656476414,1.618343504514377,1.618343504514377,1.618343504514377,1.61832081070306,-0.0642165524888494,-0.0642165524888494,-0.0642165478802307,1.62,1.62,0.778311463646419
0.0006526754407551,2.090065841613799,1.618295509572619,1.618295509572619,1.618295509572619,1.6184021415406296,1.6184021415406296,1.6184021415406296,1.6183794461444847,-0.0642167337788545,-0.0642167337788545,-0.0642167327100486,1.62,1.62,0.7783114023497859
0.0006683004407551,2.0477891542694477,1.618295431365241,1.618295431365241,1.618295431365241,1.6184589933203233,1.6184589933203233,1.6184589933203233,1.618436296387619,-0.0642169082540878,-0.0642169082540878,-0.0642169040590812,1.62,1.62,0.778311343566683
0.0006839254407551,1.9890727696334425,1.618295404305479,1.618295404305479,1.618295404305479,1.6185073056428452,1.6185073056428452,1.6185073056428452,1.6184846074043653,-0.0642170577537133,-0.0642170577537133,-0.0642170572422647,1.62,1.62,0.7783112929976637
0.0006995504407551,1.9161731254388168,1.6182953368725592,1.6182953368725592,1.6182953368725592,1.6185497089890166,1.6185497089890166,1.6185497089890166,1.6185270096044837,-0.0642171877641807,-0.0642171877641807,-0.0642171843686386,1.62,1.62,0.7783112492154216
0.0007151754407551,1.831891714129381,1.6182953461707223,1.6182953461707223,1.6182953461707223,1.618580168241689,1.618580168241689,1.618580168241689,1.618557468033906,-0.0642172822927753,-0.0642172822927753,-0.0642172826658515,1.62,1.62,0.7783112171963488
0.0007300191907551,1.7442281491103655,1.6182953075051882,1.6182953075051882,1.6182953075051882,1.618602987645639,1.618602987645639,1.618602987645639,1.6185802868211057,-0.0642173523035426,-0.0642173523035426,-0.0642173513846128,1.62,1.62,0.7783111936121513
0.0007456441907551,1.6473546922710298,1.618295324593816,1.618295324593816,1.618295324593816,1.6186112697468449,1.6186112697468449,1.6186112697468449,1.6185885686984638,-0.0642173779841992,-0.0642173779841992,-0.0642173779771881,1.62,1.62,0.7783111849171092
0.0007612691907551,1.5494300099484066,1.618295333218764,1.618295333218764,1.618295333218764,1.6186091066575663,1.6186091066575663,1.6186091066575663,1.6185864056676478,-0.0642173713839875,-0.0642173713839875,-0.0642173716839136,1.62,1.62,0.7783111871345909
0.0007768941907551,1.4542172927673591,1.6182953840650351,1.6182953840650351,1.6182953840650351,1.6185910760384017,1.6185910760384017,1.6185910760384017,1.6185683755358045,-0.0642173160743948,-0.0642173160743948,-0.0642173174324406,1.62,1.62,0.7783112057650059
0.0007925191907551,1.3653755120532485,1.6182953932942412,1.6182953932942412,1.6182953932942412,1.6185684217984302,1.6185684217984302,1.6185684217984302,1.6185457219081243,-0.0642172462075822,-0.0642172462075822,-0.0642172470038482,1.62,1.62,0.7783112293598006
0.0008081441907551,1.2863188076158745,1.618295500885622,1.618295500885622,1.618295500885622,1.6185286789972293,1.6185286789972293,1.6185286789972293,1.6185059801810702,-0.064217124237775,-0.064217124237775,-0.0642171271133899,1.62,1.62,0.7783112704532936
0.0008237691907551,1.220085284271253,1.6182954975149906,1.6182954975149906,1.6182954975149906,1.6184864720111762,1.6184864720111762,1.6184864720111762,1.618463774335775,-0.0642169939285459,-0.0642169939285459,-0.0642169950968592,1.62,1.62,0.7783113144829701
0.0008386129407551,1.171365739733489,1.6182956032728668,1.6182956032728668,1.6182956032728668,1.6184365840401094,1.6184365840401094,1.6184365840401094,1.6184138877130565,-0.064216840586636,-0.064216840586636,-0.0642168432435079,1.62,1.62,0.7783113661847625
0.0008542379407551,1.136921374093186,1.618295679192679,1.618295679192679,1.618295679192679,1.618377575514775,1.618377575514775,1.618377575514775,1.61835488078258,-0.0642166589071746,-0.0642166589071746,-0.0642166618422537,1.62,1.62,0.7783114274903746
0.0008698629407551,1.121041449132868,1.6182957516532954,1.6182957516532954,1.6182957516532954,1.6183166991899762,1.6183166991899762,1.6183166991899762,1.618294006103123,-0.0642164713981319,-0.0642164713981319,-0.0642164742868197,1.62,1.62,0.7783114907759126
0.0008854879407551,1.124336221463195,1.6182958297510142,1.6182958297510142,1.6182958297510142,1.618254184743265,1.618254184743265,1.618254184743265,1.6182314933460278,-0.0642162788621745,-0.0642162788621745,-0.064216281870575,1.62,1.62,0.7783115557550225
0.0009011129407551,1.1466790748312417,1.6182958898867306,1.6182958898867306,1.6182958898867306,1.618194908749449,1.618194908749449,1.618194908749449,1.618172218954301,-0.0642160961848591,-0.0642160961848591,-0.0642160987871995,1.62,1.62,0.7783116174256485
0.0009167379407551,1.1872113859120907,1.6182959638270362,1.6182959638270362,1.6182959638270362,1.6181378920080784,1.6181378920080784,1.6181378920080784,1.618115203753957,-0.0642159205684047,-0.0642159205684047,-0.0642159233424402,1.62,1.62,0.7783116766966395
0.0009323629407551,1.2443755207216871,1.6182959988128751,1.6182959988128751,1.6182959988128751,1.6180885245502423,1.6180885245502423,1.6180885245502423,1.6180658376304082,-0.0642157683052916,-0.0642157683052916,-0.0642157702226658,1.62,1.62,0.7783117281194224
0.0009479879407551,1.315974693617315,1.618296059021251,1.618296059021251,1.618296059021251,1.6180455622886114,1.6180455622886114,1.6180455622886114,1.618022876529944,-0.0642156359784044,-0.0642156359784044,-0.0642156381079705,1.62,1.62,0.7783117727799851
0.0009636129407551,1.3992573885378723,1.6182960612468915,1.6182960612468915,1.6182960612468915,1.6180137404030257,1.6180137404030257,1.6180137404030257,1.6179910555044317,-0.0642155376912377,-0.0642155376912377,-0.0642155386079417,1.62,1.62,0.778311805996447
0.0009784566907551,1.4862867766186785,1.618296095262048,1.618296095262048,1.618296095262048,1.617990025282975,1.617990025282975,1.617990025282975,1.617967341025344,-0.064215464635554,-0.064215464635554,-0.0642154656409663,1.62,1.62,0.77831183065472
0.0009940816907551,1.5828484368692444,1.618296080517856,1.618296080517856,1.618296080517856,1.6179805304879444,1.6179805304879444,1.6179805304879444,1.6179578464869375,-0.0642154351904635,-0.0642154351904635,-0.0642154352354286,1.62,1.62,0.7783118406250107
0.0010097066907551,1.6808378108560875,1.6182960729638731,1.6182960729638731,1.6182960729638731,1.617981479633947,1.617981479633947,1.617981479633947,1.6179587956072878,-0.0642154380576806,-0.0642154380576806,-0.0642154378114721,1.62,1.62,0.7783118396664416
0.0010253316907551,1.7764892218899688,1.6182960236396104,1.6182960236396104,1.6182960236396104,1.6179983274637704,1.6179983274637704,1.6179983274637704,1.6179756429817571,-0.0642154897618054,-0.0642154897618054,-0.0642154884478585,1.62,1.62,0.7783118222467765
0.0010409566907551,1.866126839886786,1.6182960154284711,1.6182960154284711,1.6182960154284711,1.6180198807847987,1.6180198807847987,1.6180198807847987,1.617997195720249,-0.0642155562833442,-0.0642155562833442,-0.0642155555324776,1.62,1.62,0.7783117997736131
0.0010565816907551,1.9463059414562756,1.6182959090488174,1.6182959090488174,1.6182959090488174,1.6180586360286762,1.6180586360286762,1.6180586360286762,1.6180359499166697,-0.064215675283334,-0.064215675283334,-0.0642156724407187,1.62,1.62,0.7783117596707683
0.0010714254407551,2.0109034765121425,1.618295889600825,1.618295889600825,1.618295889600825,1.6180971504655084,1.6180971504655084,1.6180971504655084,1.618074463312546,-0.0642157941108306,-0.0642157941108306,-0.0642157921074642,1.62,1.62,0.7783117195337869
0.0010870504407551,2.064213789196372,1.6182958015628643,1.6182958015628643,1.6182958015628643,1.6181502795523723,1.6181502795523723,1.6181502795523723,1.61812759096346,-0.0642159576267634,-0.0642159576267634,-0.0642159547772541,1.62,1.62,0.7783116643672298
0.0011026754407551,2.100453215079747,1.618295737462727,1.618295737462727,1.618295737462727,1.6182075065005936,1.6182075065005936,1.6182075065005936,1.618184816364973,-0.0642161339428417,-0.0642161339428417,-0.0642161312011583,1.62,1.62,0.7783116048516496
0.0011183004407551,2.1182290933488748,1.6182956567172873,1.6182956567172873,1.6182956567172873,1.618268590572927,1.618268590572927,1.618268590572927,1.6182458987863506,-0.0642163220582986,-0.0642163220582986,-0.0642163190684582,1.62,1.62,0.778311541366875
0.0011339254407551,2.1168583069707,1.61829558451654,1.61829558451654,1.61829558451654,1.6183310112552196,1.6183310112552196,1.6183310112552196,1.618308317781561,-0.0642165143396834,-0.0642165143396834,-0.0642165114212813,1.62,1.62,0.7783114764681304
0.0011495504407551,2.0963935344969897,1.6182955169519426,1.6182955169519426,1.6182955169519426,1.6183906700532964,1.6183906700532964,1.6183906700532964,1.6183679749672029,-0.0642166981230503,-0.0642166981230503,-0.0642166953904343,1.62,1.62,0.778311414436056
0.0011651754407551,2.0576212256571327,1.618295449580691,1.618295449580691,1.618295449580691,1.618448059080448,1.618448059080448,1.618448059080448,1.6184253624432663,-0.0642168748735565,-0.0642168748735565,-0.0642168721755715,1.62,1.62,0.7783113547843675
0.0011808004407551,2.002031378536082,1.6182954055104952,1.6182954055104952,1.6182954055104952,1.61849823730369,1.61849823730369,1.61849823730369,1.61847553931031,-0.0642170295228427,-0.0642170295228427,-0.0642170274502034,1.62,1.62,0.7783113025742637
0.0011964254407551,1.931760279783556,1.6182953526359691,1.6182953526359691,1.6182953526359691,1.6185419633270666,1.6185419633270666,1.6185419633270666,1.6185192641518769,-0.064217164173151,-0.064217164173151,-0.0642171621077317,1.62,1.62,0.7783112571342505
0.0012120504407551,1.849508408316126,1.618295339871069,1.618295339871069,1.618295339871069,1.61857491805898,1.61857491805898,1.61857491805898,1.6185522179931005,-0.0642172658402885,-0.0642172658402885,-0.0642172647499307,1.62,1.62,0.7783112227947726
0.0012276754407551,1.7584366574269064,1.618295307936744,1.618295307936744,1.618295307936744,1.6185984260695656,1.6185984260695656,1.6185984260695656,1.6185757253683213,-0.0642173382156469,-0.0642173382156469,-0.0642173370802447,1.62,1.62,0.7783111983729921
0.0012433004407551,1.6620448634289429,1.6182953305237364,1.6182953305237364,1.6182953305237364,1.6186090402061626,1.6186090402061626,1.6186090402061626,1.6185863392180406,-0.0642173711365795,-0.0642173711365795,-0.0642173712180296,1.62,1.62,0.7783111872250249
0.0012581441907551,1.5689178224736042,1.6182953242651756,1.6182953242651756,1.6182953242651756,1.6186115646329138,1.6186115646329138,1.6186115646329138,1.6185888635765624,-0.064217378906079,-0.064217378906079,-0.0642173789717329,1.62,1.62,0.7783111846037649
0.0012737691907551,1.4728645930266493,1.6182953677602008,1.6182953677602008,1.6182953677602008,1.6185978764768003,1.6185978764768003,1.6185978764768003,1.618575175790404,-0.0642173369557491,-0.0642173369557491,-0.0642173380189891,1.62,1.62,0.7783111987279747
0.0012893941907551,1.3824656947551923,1.6182954001222898,1.6182954001222898,1.6182954001222898,1.6185744747322353,1.6185744747322353,1.6185744747322353,1.6185517746783318,-0.0642172649398052,-0.0642172649398052,-0.0642172662142338,1.62,1.62,0.7783112230232426
0.0013050191907551,1.3011951066235223,1.6182954720835967,1.6182954720835967,1.6182954720835967,1.6185367595123958,1.6185367595123958,1.6185367595123958,1.6185140604778414,-0.064217148996563,-0.064217148996563,-0.0642171512430831,1.62,1.62,0.7783112621182156
0.0013198629407551,1.2352928793082578,1.61829550750571,1.61829550750571,1.61829550750571,1.6184990665800487,1.6184990665800487,1.6184990665800487,1.6184763685642445,-0.0642170328637067,-0.0642170328637067,-0.0642170347976399,1.62,1.62,0.7783113013190863
0.0013354879407551,1.1803779347455008,1.6182955949975837,1.6182955949975837,1.6182955949975837,1.618446593798062,1.618446593798062,1.618446593798062,1.6184238972004688,-0.0642168714466778,-0.0642168714466778,-0.0642168742725916,1.62,1.62,0.7783113557646953
0.0013511129407551,1.1423574196075794,1.6182956587522348,1.6182956587522348,1.6182956587522348,1.618389836267497,1.618389836267497,1.618389836267497,1.6183671412039244,-0.0642166966253247,-0.0642166966253247,-0.0642166993393551,1.62,1.62,0.7783114147678715
0.0013667379407551,1.1226924409690937,1.618295739550522,1.618295739550522,1.618295739550522,1.618328985029099,1.618328985029099,1.618328985029099,1.618306291610189,-0.0642165092574049,-0.0642165092574049,-0.0642165122357003,1.62,1.62,0.7783114779954201
0.0013823629407551,1.1221387129308735,1.6182958122485485,1.6182958122485485,1.6182958122485485,1.6182664994472629,1.6182664994472629,1.6182664994472629,1.6182438077171888,-0.0642163167786538,-0.0642163167786538,-0.0642163197010786,1.62,1.62,0.778311542960366
0.0013979879407551,1.1407175149508937,1.6182958798923348,1.6182958798923348,1.6182958798923348,1.6182066601781449,1.6182066601781449,1.6182066601781449,1.6181839700653835,-0.0642161324115045,-0.0642161324115045,-0.0642161351450053,1.62,1.62,0.7783116051939973
0.0014136129407551,1.177714874086636,1.618295948879955,1.618295948879955,1.618295948879955,1.618148745016724,1.618148745016724,1.618148745016724,1.6181260564692717,-0.0642159539960701,-0.0642159539960701,-0.0642159567300748,1.62,1.62,0.7783116654148057
0.0014292379407551,1.2317090025748731,1.6182959929320464,1.6182959929320464,1.6182959929320464,1.6180979480191424,1.6180979480191424,1.6180979480191424,1.6180752608446138,-0.0642157973713979,-0.0642157973713979,-0.0642157994562555,1.62,1.62,0.7783117183028847
0.0014448629407551,1.300624936338059,1.618296048398337,1.618296048398337,1.618296048398337,1.6180533057377615,1.6180533057377615,1.6180533057377615,1.618030619769807,-0.064215659836304,-0.064215659836304,-0.0642156619633973,1.62,1.62,0.7783117647266817
0.0014604879407551,1.3818142746901731,1.6182960609044712,1.6182960609044712,1.6182960609044712,1.618019396958236,1.618019396958236,1.618019396958236,1.6179967119067578,-0.0642155551582102,-0.0642155551582102,-0.0642155562674867,1.62,1.62,0.7783118000941129
0.0014753316907551,1.467474911859223,1.618296093633329,1.618296093633329,1.618296093633329,1.6179936238607358,1.6179936238607358,1.6179936238607358,1.6179709395058433,-0.0642154757452167,-0.0642154757452167,-0.064215476859017,1.62,1.62,0.7783118269010056
0.0014909566907551,1.563301434412751,1.6182960822546952,1.6182960822546952,1.6182960822546952,1.6179817101315266,1.6179817101315266,1.6179817101315266,1.617959026098637,-0.0642154388488345,-0.0642154388488345,-0.0642154390132958,1.62,1.62,0.7783118393862506
0.0015065816907551,1.661306851044875,1.6182960773768305,1.6182960773768305,1.6182960773768305,1.6179802327391557,1.6179802327391557,1.6179802327391557,1.6179575487461968,-0.0642154342378773,-0.0642154342378773,-0.0642154341053097,1.62,1.62,0.7783118409522698
0.0015222066907551,1.7577248685564937,1.6182960309200187,1.6182960309200187,1.6182960309200187,1.617994695074397,1.617994695074397,1.617994695074397,1.6179720106905584,-0.064215478591313,-0.064215478591313,-0.0642154773893083,1.62,1.62,0.7783118260139934
0.0015370504407551,1.844474846910221,1.618296018864624,1.618296018864624,1.618296018864624,1.6180116940952274,1.6180116940952274,1.6180116940952274,1.6179890092519449,-0.0642155310200733,-0.0642155310200733,-0.0642155300750282,1.62,1.62,0.7783118083077473
0.0015526754407551,1.9273237903894,1.6182959464941111,1.6182959464941111,1.6182959464941111,1.6180461474124384,1.6180461474124384,1.6180461474124384,1.6180234616379674,-0.0642156369540502,-0.0642156369540502,-0.0642156348716413,1.62,1.62,0.7783117725848137
0.0015683004407551,1.998362452953081,1.6182958968225678,1.6182958968225678,1.6182958968225678,1.6180883508044073,1.6180883508044073,1.6180883508044073,1.6180656638892794,-0.0642157669791773,-0.0642157669791773,-0.0642157648717212,1.62,1.62,0.778311728695321
0.0015839254407551,2.054860858637884,1.6182958216312018,1.6182958216312018,1.6182958216312018,1.6181391079312606,1.6181391079312606,1.6181391079312606,1.61811641964429,-0.0642159232552767,-0.0642159232552767,-0.0642159206384456,1.62,1.62,0.7783116759615162
0.0015995504407551,2.0946478053980115,1.6182957453362914,1.6182957453362914,1.6182957453362914,1.6181974362786335,1.6181974362786335,1.6181974362786335,1.6181747464151874,-0.0642161028914562,-0.0642161028914562,-0.0642160999986783,1.62,1.62,0.7783116153371247
0.0016151754407551,2.11619430318225,1.618295681841564,1.618295681841564,1.618295681841564,1.6182557075435395,1.6182557075435395,1.6182557075435395,1.6182330161051597,-0.0642162824449,-0.0642162824449,-0.0642162798141029,1.62,1.62,0.778311554725554
0.0016308004407551,2.1186723321641656,1.6182955860812005,1.6182955860812005,1.6182955860812005,1.6183192808768434,1.6183192808768434,1.6183192808768434,1.6182965877202298,-0.0642164781228447,-0.0642164781228447,-0.0642164747656659,1.62,1.62,0.7783114887054001
0.0016464254407551,2.101986663079678,1.6182955461021065,1.6182955461021065,1.6182955461021065,1.6183782496541863,1.6183782496541863,1.6183782496541863,1.6183555549037854,-0.064216659962258,-0.064216659962258,-0.0642166577001637,1.62,1.62,0.7783114272999884
0.0016620504407551,2.066778516834273,1.618295442759522,1.618295442759522,1.618295442759522,1.6184376776581748,1.6184376776581748,1.6184376776581748,1.6184149813015796,-0.0642168427798293,-0.0642168427798293,-0.0642168394587298,1.62,1.62,0.778311365635235
0.0016776754407551,2.0144009227432056,1.6182954364784798,1.6182954364784798,1.6182954364784798,1.6184880834805742,1.6184880834805742,1.6184880834805742,1.618465385761626,-0.0642169983641497,-0.0642169983641497,-0.0642169968496925,1.62,1.62,0.778311313071587
0.0016933004407551,1.946866722373703,1.6182953358109788,1.6182953358109788,1.6182953358109788,1.618534596693831,1.618534596693831,1.618534596693831,1.6185118977177455,-0.0642171413370849,-0.0642171413370849,-0.0642171384989657,1.62,1.62,0.7783112648652012
0.0017089254407551,1.8667712171723485,1.6182953710189365,1.6182953710189365,1.6182953710189365,1.6185684928599346,1.6185684928599346,1.6185684928599346,1.6185457929677114,-0.0642172461802385,-0.0642172461802385,-0.0642172457220323,1.62,1.62,0.7783112294089777
0.0017245504407551,1.7771924324859525,1.6182952801789323,1.6182952801789323,1.6182952801789323,1.618595277947698,1.618595277947698,1.618595277947698,1.6185725773315425,-0.0642173283480535,-0.0642173283480535,-0.0642173263266315,1.62,1.62,0.7783112017310914
0.0017401754407551,1.681572830773654,1.6182953610074071,1.6182953610074071,1.6182953610074071,1.6186072411348418,1.6186072411348418,1.6186072411348418,1.6185845401953425,-0.0642173657349222,-0.0642173657349222,-0.0642173665166986,1.62,1.62,0.7783111890254417
0.0017558004407551,1.5835870197051656,1.6182952830346338,1.6182952830346338,1.6182952830346338,1.6186104783568145,1.6186104783568145,1.6186104783568145,1.6185877773298256,-0.0642173753464853,-0.0642173753464853,-0.0642173743187785,1.62,1.62,0.7783111858398204
0.0017714254407551,1.4870005390487733,1.6182954092463822,1.6182954092463822,1.6182954092463822,1.6185984340746091,1.6185984340746091,1.6185984340746091,1.61857573337314,-0.0642173388658318,-0.0642173388658318,-0.064217340911963,1.62,1.62,0.7783111980520626
0.0017870504407551,1.3955251530897792,1.618295342684717,1.618295342684717,1.618295342684717,1.618577879002687,1.618577879002687,1.618577879002687,1.6185551788567778,-0.0642172751647829,-0.0642172751647829,-0.0642172751303856,1.62,1.62,0.7783112196145474
0.0018026754407551,1.3126762096106006,1.6182955096310006,1.6182955096310006,1.6182955096310006,1.6185434172197113,1.6185434172197113,1.6185434172197113,1.6185207180052126,-0.0642171696784993,-0.0642171696784993,-0.0642171728446369,1.62,1.62,0.7783112551095157
0.0018175191907551,1.2448647357215072,1.6182954999934385,1.6182954999934385,1.6182954999934385,1.61850616483866,1.61850616483866,1.61850616483866,1.6184834666310068,-0.0642170547393282,-0.0642170547393282,-0.0642170567594177,1.62,1.62,0.7783112939340014
0.0018331441907551,1.187582729601638,1.6182955831233643,1.6182955831233643,1.6182955831233643,1.6184547028672949,1.6184547028672949,1.6184547028672949,1.6184320060505333,-0.0642168964004641,-0.0642168964004641,-0.064216899128952,1.62,1.62,0.7783113473464367
0.0018487691907551,1.1469182766807802,1.6182956476843793,1.6182956476843793,1.6182956476843793,1.6183986949913007,1.6183986949913007,1.6183986949913007,1.618375999688298,-0.0642167239055986,-0.0642167239055986,-0.0642167266034531,1.62,1.62,0.77831140556158
0.0018643941907551,1.1244340890797928,1.6182957281077326,1.6182957281077326,1.6182957281077326,1.618338235626498,1.618338235626498,1.618338235626498,1.618315541957566,-0.0642165377472905,-0.0642165377472905,-0.0642165407126659,1.62,1.62,0.7783114683804585
0.0018800191907551,1.1209942215189042,1.618295801674677,1.618295801674677,1.618295801674677,1.618275698467255,1.618275698467255,1.618275698467255,1.6182530064885532,-0.0642163451175988,-0.0642163451175988,-0.0642163480566675,1.62,1.62,0.778311533395062
0.0018956441907551,1.1367308661793794,1.6182958692151417,1.6182958692151417,1.6182958692151417,1.6182156311721263,1.6182156311721263,1.6182156311721263,1.6181929408169005,-0.0642161600477991,-0.0642161600477991,-0.0642161627865635,1.62,1.62,0.7783115958658898
0.0019112691907551,1.1710392726321288,1.6182959407480773,1.6182959407480773,1.6182959407480773,1.6181569693221352,1.6181569693221352,1.6181569693221352,1.618134280552399,-0.064215979345314,-0.064215979345314,-0.06421598214245,1.62,1.62,0.7783116568565043
0.0019268941907551,1.2226009880575486,1.6182959845727127,1.6182959845727127,1.6182959845727127,1.6181052803716265,1.6181052803716265,1.6181052803716265,1.6180825929989215,-0.0642158199661982,-0.0642158199661982,-0.0642158220736782,1.62,1.62,0.7783117106753754
0.0019425191907551,1.2894345246479832,1.6182960440523655,1.6182960440523655,1.6182960440523655,1.6180592966583496,1.6180592966583496,1.6180592966583496,1.6180366105284747,-0.0642156783147129,-0.0642156783147129,-0.0642156805430684,1.62,1.62,0.7783117584859772
0.0019581441907551,1.36897150707294,1.6182960559975428,1.6182960559975428,1.6182960559975428,1.6180239808603734,1.6180239808603734,1.6180239808603734,1.6180012956850032,-0.0642155692888876,-0.0642155692888876,-0.0642155704323549,1.62,1.62,0.7783117953230492
0.0019729879407551,1.4535187788132606,1.618296092212436,1.618296092212436,1.618296092212436,1.6179966295532058,1.6179966295532058,1.6179966295532058,1.6179739451170765,-0.0642154850228637,-0.0642154850228637,-0.0642154862190583,1.62,1.62,0.7783118237665553
0.0019886129407551,1.5486969116261282,1.618296083086152,1.618296083086152,1.618296083086152,1.6179829123727605,1.6179829123727605,1.6179829123727605,1.6179602283073766,-0.0642154425707791,-0.0642154425707791,-0.0642154428239026,1.62,1.62,0.7783118381270122
0.0020042379407551,1.6466151821379729,1.618296080331746,1.618296080331746,1.618296080331746,1.6179796168036455,1.6179796168036455,1.6179796168036455,1.6179569328273338,-0.0642154323567574,-0.0642154323567574,-0.064215432309701,1.62,1.62,0.7783118415845541
0.0020198629407551,1.7435106461262195,1.618296036023603,1.618296036023603,1.618296036023603,1.6179922749850837,1.6179922749850837,1.6179922749850837,1.617969590666654,-0.0642154711509746,-0.0642154711509746,-0.064215470034038,1.62,1.62,0.7783118285228963
0.0020347066907551,1.8312206829104027,1.6182960257803198,1.6182960257803198,1.6182960257803198,1.6180076413537527,1.6180076413537527,1.6180076413537527,1.617984956620006,-0.0642155185481532,-0.0642155185481532,-0.0642155176825273,1.62,1.62,0.7783118125152878
0.0020503316907551,1.9155761199722845,1.6182959549982956,1.6182959549982956,1.6182959549982956,1.6180405434181555,1.6180405434181555,1.6180405434181555,1.6180178577951476,-0.0642156197009672,-0.0642156197009672,-0.0642156176874805,1.62,1.62,0.7783117784065228
0.0020659566907551,1.988572732504628,1.618295906688985,1.618295906688985,1.618295906688985,1.6180813991067025,1.6180813991067025,1.6180813991067025,1.6180587123794623,-0.0642157455727486,-0.0642157455727486,-0.0642157435242706,1.62,1.62,0.7783117359191685
0.0020815816907551,2.047405301624788,1.6182958324053531,1.6182958324053531,1.6182958324053531,1.6181310798760176,1.6181310798760176,1.6181310798760176,1.618108391806026,-0.0642158985312168,-0.0642158985312168,-0.0642158959586869,1.62,1.62,0.778311684305455
0.0020972066907551,2.089812924695162,1.6182957563490907,1.6182957563490907,1.6182957563490907,1.6181887182116803,1.6181887182116803,1.6181887182116803,1.6181660285838626,-0.064216076039033,-0.064216076039033,-0.0642160731679491,1.62,1.62,0.7783116243998892
0.0021128316907551,2.1141659005436253,1.6182956935778454,1.6182956935778454,1.6182956935778454,1.618246490105313,1.618246490105313,1.618246490105313,1.6182237989160582,-0.0642162540567909,-0.0642162540567909,-0.064216251451306,1.62,1.62,0.7783115643062237
0.0021284566907551,2.119528357965626,1.618295596481427,1.618295596481427,1.618295596481427,1.618310060113849,1.618310060113849,1.618310060113849,1.6182873672064508,-0.0642164497171112,-0.0642164497171112,-0.0642164463366517,1.62,1.62,0.7783114982932159
0.0021440816907551,2.105694220729738,1.6182955570651991,1.6182955570651991,1.6182955570651991,1.61836924062886,1.61836924062886,1.61836924062886,1.618346546121951,-0.0642166322156695,-0.0642166322156695,-0.0642166299558482,1.62,1.62,0.7783114366642098
0.0021589254407551,2.0752469079216094,1.6182954713357582,1.6182954713357582,1.6182954713357582,1.618426228496482,1.618426228496482,1.618426228496482,1.6184035324493289,-0.0642168076164295,-0.0642168076164295,-0.0642168047868565,1.62,1.62,0.7783113774865826
0.0021745504407551,2.0261623293142104,1.6182954209706737,1.6182954209706737,1.6182954209706737,1.6184797305601244,1.6184797305601244,1.6184797305601244,1.6184570330669377,-0.0642169724770041,-0.0642169724770041,-0.0642169701271678,1.62,1.62,0.778311321834431
0.0021901754407551,1.9614691601697245,1.618295371442902,1.618295371442902,1.618295371442902,1.6185264885850312,1.6185264885850312,1.6185264885850312,1.6185037898280863,-0.064217116521507,-0.064217116521507,-0.0642171144566448,1.62,1.62,0.7783112732148704
0.0022058004407551,1.883653522698028,1.6182953488324026,1.6182953488324026,1.6182953488324026,1.6185620121055768,1.6185620121055768,1.6185620121055768,1.618539312388515,-0.0642172260541916,-0.0642172260541916,-0.0642172247291662,1.62,1.62,0.7783112362283019
0.0022214254407551,1.7957058282076428,1.6182953088351804,1.6182953088351804,1.6182953088351804,1.6185913107585186,1.6185913107585186,1.6185913107585186,1.6185686102495849,-0.0642173162459409,-0.0642173162459409,-0.0642173148008721,1.62,1.62,0.778311205796574
0.0022362691907551,1.705845764074078,1.6182953116389365,1.6182953116389365,1.6182953116389365,1.6186083073122524,1.6186083073122524,1.6186083073122524,1.6185856063439406,-0.0642173687438223,-0.0642173687438223,-0.0642173681329334,1.62,1.62,0.7783111880545518
0.0022518941907551,1.608099572325352,1.618295328217585,1.618295328217585,1.618295328217585,1.6186116748022394,1.6186116748022394,1.6186116748022394,1.6185889737429104,-0.0642173792719003,-0.0642173792719003,-0.0642173794714979,1.62,1.62,0.7783111844760014
0.0022675191907551,1.5108107073383257,1.6182953534691724,1.6182953534691724,1.6182953534691724,1.618601707708294,1.618601707708294,1.618601707708294,1.61857900691835,-0.0642173486841293,-0.0642173486841293,-0.0642173494006047,1.62,1.62,0.7783111947813219
0.0022831441907551,1.4177179256342267,1.6182953770323845,1.6182953770323845,1.6182953770323845,1.6185849123634666,1.6185849123634666,1.6185849123634666,1.61856221202746,-0.0642172969971029,-0.0642172969971029,-0.0642172978555618,1.62,1.62,0.7783112122186708
0.0022987691907551,1.3323987306069105,1.6182954520380557,1.6182954520380557,1.6182954520380557,1.6185521581183635,1.6185521581183635,1.6185521581183635,1.6185294586676224,-0.0642171964004939,-0.0642171964004939,-0.0642171985813758,1.62,1.62,0.7783112461233428
0.0023143941907551,1.2581318910737205,1.6182954741626252,1.6182954741626252,1.6182954741626252,1.6185143063661975,1.6185143063661975,1.6185143063661975,1.6184916079385,-0.0642170796919279,-0.0642170796919279,-0.0642170811087442,1.62,1.62,0.778311285532556
0.0023300191907551,1.1977714400285924,1.6182955906992045,1.6182955906992045,1.6182955906992045,1.6184633807749262,1.6184633807749262,1.6184633807749262,1.61844068372362,-0.0642169232409409,-0.0642169232409409,-0.0642169265593957,1.62,1.62,0.7783113382695732
0.0023448629407551,1.1554294637498483,1.6182956247209708,1.6182956247209708,1.6182956247209708,1.6184137971598969,1.6184137971598969,1.6184137971598969,1.6183911014487191,-0.0642167703844556,-0.0642167703844556,-0.0642167729159139,1.62,1.62,0.7783113898808722
0.0023604879407551,1.1282911331943135,1.618295713017648,1.618295713017648,1.618295713017648,1.618353385886065,1.618353385886065,1.618353385886065,1.618330691807658,-0.0642165844299533,-0.0642165844299533,-0.0642165874945902,1.62,1.62,0.7783114526219317
0.0023761129407551,1.1200488986366122,1.6182957807528464,1.6182957807528464,1.6182957807528464,1.618291852898274,1.618291852898274,1.618291852898274,1.6182691604829569,-0.064216394866321,-0.064216394866321,-0.0642163977499699,1.62,1.62,0.7783115166060928
0.0023917379407551,1.1310195045284976,1.618295856593904,1.618295856593904,1.618295856593904,1.6182301286717298,1.6182301286717298,1.6182301286717298,1.6182074379246707,-0.0642162047431573,-0.0642162047431573,-0.0642162076664676,1.62,1.62,0.7783115807743106
0.0024073629407551,1.160781356637932,1.6182959183082812,1.6182959183082812,1.6182959183082812,1.6181715341525258,1.6181715341525258,1.6181715341525258,1.6181488449891377,-0.0642160241800677,-0.0642160241800677,-0.0642160267994955,1.62,1.62,0.7783116417289098
0.0024229879407551,1.208190723678989,1.618295981423403,1.618295981423403,1.618295981423403,1.6181172816354066,1.6181172816354066,1.6181172816354066,1.6180945939383349,-0.0642158570189623,-0.0642158570189623,-0.0642158595252267,1.62,1.62,0.7783116981557231
0.0024386129407551,1.2714256902637588,1.6182960219766047,1.6182960219766047,1.6182960219766047,1.618070307116308,1.618070307116308,1.618070307116308,1.6180476206888472,-0.0642157121834552,-0.0642157121834552,-0.0642157141315514,1.62,1.62,0.7783117470623983
0.0024542379407551,1.3480561720889677,1.618296064121982,1.618296064121982,1.618296064121982,1.6180315802721208,1.6180315802721208,1.6180315802721208,1.6180088948913551,-0.0642155928163096,-0.0642155928163096,-0.0642155945311938,1.62,1.62,0.7783117873629215
0.0024698629407551,1.4351373027129417,1.6182960764152954,1.6182960764152954,1.6182960764152954,1.6180034094622329,1.6180034094622329,1.6180034094622329,1.6179807248428597,-0.0642155058692304,-0.0642155058692304,-0.064215506838353,1.62,1.62,0.7783118167367494
0.0024854879407551,1.5293226031214615,1.6182960922581455,1.6182960922581455,1.6182960922581455,1.617986072431054,1.617986072431054,1.617986072431054,1.6179633882802602,-0.0642154523905614,-0.0642154523905614,-0.0642154530647491,1.62,1.62,0.7783118347987716
0.0025011129407551,1.626992585039556,1.6182960731803544,1.6182960731803544,1.6182960731803544,1.6179810251641389,1.6179810251641389,1.6179810251641389,1.617958341149763,-0.0642154366718422,-0.0642154366718422,-0.0642154364993573,1.62,1.62,0.7783118401318991
0.0025167379407551,1.7243938458360657,1.6182960617022275,1.6182960617022275,1.6182960617022275,1.6179876868501384,1.6179876868501384,1.6179876868501384,1.6179650026557135,-0.064215457143587,-0.064215457143587,-0.0642154566900396,1.62,1.62,0.7783118332302307
0.0025323629407551,1.8177833096818383,1.618296012612827,1.618296012612827,1.618296012612827,1.6180065614527028,1.6180065614527028,1.6180065614527028,1.617983876748144,-0.0642155151343778,-0.0642155151343778,-0.0642155138282826,1.62,1.62,0.7783118136816561
0.0025479879407551,1.903572071854696,1.618295977255192,1.618295977255192,1.618295977255192,1.618036178318668,1.618036178318668,1.618036178318668,1.6180134928136365,-0.0642156063533525,-0.0642156063533525,-0.064215604859902,1.62,1.62,0.7783117828955949
0.0025628316907551,1.975023978303469,1.6182959207032712,1.6182959207032712,1.6182959207032712,1.618071590975563,1.618071590975563,1.618071590975563,1.618048904513413,-0.0642157153769407,-0.0642157153769407,-0.0642157134462778,1.62,1.62,0.7783117461080449
0.0025784566907551,2.036889041170671,1.6182958430735432,1.6182958430735432,1.6182958430735432,1.6181208884226987,1.6181208884226987,1.6181208884226987,1.6180982006281577,-0.0642158671201001,-0.0642158671201001,-0.06421586448067,1.62,1.62,0.7783116949101218
0.0025940816907551,2.082733291979751,1.6182957758858088,1.6182957758858088,1.6182957758858088,1.618176955621325,1.618176955621325,1.618176955621325,1.6181542663114217,-0.0642160398433139,-0.0642160398433139,-0.0642160371775767,1.62,1.62,0.7783116366105071
0.0026097066907551,2.110794961881869,1.6182957029202367,1.6182957029202367,1.6182957029202367,1.6182345469580557,1.6182345469580557,1.6182345469580557,1.618211856091596,-0.0642162172327918,-0.0642162172327918,-0.0642162144528888,1.62,1.62,0.7783115767405936
0.0026253316907551,2.119995656639854,1.6182956181710837,1.6182956181710837,1.6182956181710837,1.618297473848361,1.618297473848361,1.618297473848361,1.618274781281139,-0.0642164109925891,-0.0642164109925891,-0.0642164078327389,1.62,1.62,0.7783115113559829
0.0026409566907551,2.109981798713963,1.6182955628485252,1.6182955628485252,1.6182955628485252,1.6183573996067253,1.6183573996067253,1.6183573996067253,1.6183347054198516,-0.0642165956922046,-0.0642165956922046,-0.0642165931593867,1.62,1.62,0.7783114489994232
0.0026565816907551,2.081138215048453,1.6182954724116307,1.6182954724116307,1.6182954724116307,1.6184178346241909,1.6184178346241909,1.6184178346241909,1.6183951388039048,-0.0642167817002891,-0.0642167817002891,-0.0642167785388193,1.62,1.62,0.7783113862434516
0.0026722066907551,2.0345733483879216,1.6182954452904312,1.6182954452904312,1.6182954452904312,1.618470747213195,1.618470747213195,1.618470747213195,1.6184480499628051,-0.0642169449025354,-0.0642169449025354,-0.0642169430111799,1.62,1.62,0.7783113311254677
0.0026870504407551,1.9755450772709395,1.6182953751083944,1.6182953751083944,1.6182953751083944,1.618518318207039,1.618518318207039,1.618518318207039,1.6184956196709206,-0.0642170913193706,-0.0642170913193706,-0.06421708903843,1.62,1.62,0.7783112817266039
0.0027026754407551,1.9001292936016907,1.6182953487215437,1.6182953487215437,1.6182953487215437,1.6185572939849433,1.6185572939849433,1.6185572939849433,1.6185345943954017,-0.0642172114817531,-0.0642172114817531,-0.0642172099315386,1.62,1.62,0.7783112411530622
0.0027183004407551,1.8139482982776467,1.6182953201687198,1.6182953201687198,1.6182953201687198,1.6185871843404969,1.6185871843404969,1.6185871843404969,1.61856448394309,-0.0642173035826374,-0.0642173035826374,-0.0642173023531477,1.62,1.62,0.7783112100629391
0.0027339254407551,1.7203139786182515,1.618295327706264,1.618295327706264,1.618295327706264,1.6186026125115611,1.6186026125115611,1.6186026125115611,1.618579911697165,-0.0642173512763562,-0.0642173512763562,-0.064217351006532,1.62,1.62,0.7783111939380196
0.0027487691907551,1.6277330942335813,1.618295310101014,1.618295310101014,1.618295310101014,1.618613081001083,1.618613081001083,1.618613081001083,1.618590379903749,-0.0642173834815586,-0.0642173834815586,-0.0642173830718477,1.62,1.62,0.7783111830749531
0.0027643941907551,1.5300510112328325,1.6182953497928476,1.6182953497928476,1.6182953497928476,1.6186066777926853,1.6186066777926853,1.6186066777926853,1.6185839768684116,-0.064217363998181,-0.064217363998181,-0.0642173647685319,1.62,1.62,0.778311189611856
0.0027800191907551,1.4358256174264317,1.6182953727602898,1.6182953727602898,1.6182953727602898,1.618590152924092,1.618590152924092,1.618590152924092,1.6185674524464455,-0.0642173131513359,-0.0642173131513359,-0.0642173141002297,1.62,1.62,0.7783112067644911
0.0027956441907551,1.3486779418561496,1.6182954393564082,1.6182954393564082,1.6182954393564082,1.618558595114557,1.618558595114557,1.618558595114557,1.6185358954898394,-0.0642172161836085,-0.0642172161836085,-0.0642172181714141,1.62,1.62,0.7783112394535315
0.0028104879407551,1.2754980070708244,1.6182954681351418,1.6182954681351418,1.6182954681351418,1.618526304753804,1.618526304753804,1.618526304753804,1.6185036060018183,-0.0642171166904986,-0.0642171166904986,-0.0642171183671072,1.62,1.62,0.7783112730385499
0.0028261129407551,1.2114209242788927,1.6182955527304037,1.6182955527304037,1.6182955527304037,1.618478190818127,1.618478190818127,1.618478190818127,1.6184554933665427,-0.0642169687190376,-0.0642169687190376,-0.0642169713742205,1.62,1.62,0.7783113229430096
0.0028417379407551,1.1630453062331378,1.6182956134821462,1.6182956134821462,1.6182956134821462,1.6184247001670442,1.6184247001670442,1.6184247001670442,1.6184020041611842,-0.0642168039729333,-0.0642168039729333,-0.0642168065548359,1.62,1.62,0.7783113785436581
0.0028573629407551,1.1322302008056986,1.6182956940613733,1.6182956940613733,1.6182956940613733,1.6183657354454626,1.6183657354454626,1.6183657354454626,1.6183430410332766,-0.0642166224382193,-0.0642166224382193,-0.0642166253608692,1.62,1.62,0.7783114397988231
0.0028729879407551,1.1201598152168413,1.6182957690977733,1.6182957690977733,1.6182957690977733,1.618303366283699,1.618303366283699,1.618303366283699,1.6182806735572022,-0.064216430345456,-0.064216430345456,-0.0642164333087232,1.62,1.62,0.7783115046290509
0.0028886129407551,1.1272980076155958,1.618295836718281,1.618295836718281,1.618295836718281,1.6182429307339223,1.6182429307339223,1.6182429307339223,1.6182202396408547,-0.0642162441447684,-0.0642162441447684,-0.0642162468944397,1.62,1.62,0.7783115674810098
0.0029042379407551,1.153370461271222,1.6182959147761309,1.6182959147761309,1.6182959147761309,1.6181823338568335,1.6181823338568335,1.6181823338568335,1.6181596444015545,-0.0642160575175966,-0.0642160575175966,-0.0642160604808427,1.62,1.62,0.7783116304654834
0.0029198629407551,1.197375226411335,1.6182959584108625,1.6182959584108625,1.6182959584108625,1.61812824355094,1.61812824355094,1.61812824355094,1.6181055555575947,-0.0642158907251912,-0.0642158907251912,-0.0642158928971315,1.62,1.62,0.7783116867891017
0.0029354879407551,1.257621224589757,1.6182960288982784,1.6182960288982784,1.6182960288982784,1.6180784767613168,1.6180784767613168,1.6180784767613168,1.6180557901130486,-0.0642157374652686,-0.0642157374652686,-0.0642157399785646,1.62,1.62,0.7783117385104795
0.0029511129407551,1.3317932358828355,1.6182960397990724,1.6182960397990724,1.6182960397990724,1.618039130998344,1.618039130998344,1.618039130998344,1.6180164454135015,-0.0642156159892447,-0.0642156159892447,-0.0642156172353567,1.62,1.62,0.7783117795556188
0.0029659566907551,1.4125645821530228,1.6182960859281736,1.6182960859281736,1.6182960859281736,1.6180071915180252,1.6180071915180252,1.6180071915180252,1.6179845067964302,-0.0642155176146168,-0.0642155176146168,-0.0642155190518971,1.62,1.62,0.7783118127570231
0.0029815816907551,1.505304817476884,1.618296083593871,1.618296083593871,1.618296083593871,1.6179881415648838,1.6179881415648838,1.6179881415648838,1.6179654573581663,-0.064215458735591,-0.064215458735591,-0.0642154592528847,1.62,1.62,0.7783118326618643
0.0029972066907551,1.6024527243433089,1.6182960872186678,1.6182960872186678,1.6182960872186678,1.6179794149156894,1.6179794149156894,1.6179794149156894,1.617956730944833,-0.0642154317850633,-0.0642154317850633,-0.0642154319945128,1.62,1.62,0.7783118417693675
0.0030128316907551,1.7002749631725949,1.6182960495786602,1.6182960495786602,1.6182960495786602,1.6179866010625128,1.6179866010625128,1.6179866010625128,1.6179639168974351,-0.064215453718971,-0.064215453718971,-0.0642154528627022,1.62,1.62,0.7783118343990754
0.0030276754407551,1.7904057057375669,1.6182960448191144,1.6182960448191144,1.6182960448191144,1.6179969952256734,1.6179969952256734,1.6179969952256734,1.6179743107796658,-0.0642154857920856,-0.0642154857920856,-0.0642154851689303,1.62,1.62,0.7783118235648763
0.0030433004407551,1.8788367042933465,1.618295979165156,1.618295979165156,1.618295979165156,1.6180250778042158,1.6180250778042158,1.6180250778042158,1.6180023925992055,-0.0642155720914608,-0.0642155720914608,-0.0642155702949654,1.62,1.62,0.7783117944706458
0.0030589254407551,1.9573207534604289,1.618295935189051,1.618295935189051,1.618295935189051,1.6180616825858651,1.6180616825858651,1.6180616825858651,1.618038996391515,-0.0642156848624616,-0.0642156848624616,-0.064215683001358,1.62,1.62,0.7783117564060743
0.0030745504407551,2.022841755243685,1.6182958640117873,1.6182958640117873,1.6182958640117873,1.6181078796495405,1.6181078796495405,1.6181078796495405,1.6180851922065949,-0.0642158270835349,-0.0642158270835349,-0.0642158246571246,1.62,1.62,0.7783117084174398
0.0030901754407551,2.072881774289186,1.6182957890661749,1.6182957890661749,1.6182957890661749,1.6181631505932812,1.6181631505932812,1.6181631505932812,1.618140461656495,-0.0642159972900835,-0.0642159972900835,-0.0642159944989256,1.62,1.62,0.7783116509776112
0.0031058004407551,2.105517800727778,1.6182957287893098,1.6182957287893098,1.6182957287893098,1.6182191256604408,1.6182191256604408,1.6182191256604408,1.6181964352107816,-0.0642161697800108,-0.0642161697800108,-0.0642161672639124,1.62,1.62,0.7783115927485397
0.0031214254407551,2.1194956503659217,1.618295628194314,1.618295628194314,1.618295628194314,1.6182823551080323,1.6182823551080323,1.6182823551080323,1.618259662949434,-0.064216364369927,-0.064216364369927,-0.0642163609372669,1.62,1.62,0.7783115271002757
0.0031370504407551,2.1142781622808906,1.618295590669721,1.618295590669721,1.618295590669721,1.6183418623311276,1.6183418623311276,1.6183418623311276,1.6183191685641884,-0.0642165478946445,-0.0642165478946445,-0.064216545653369,1.62,1.62,0.7783114651217143
0.0031518941907551,2.0917161158817974,1.6182955002328925,1.6182955002328925,1.6182955002328925,1.6184001834843509,1.6184001834843509,1.6184001834843509,1.6183774881411326,-0.0642167273865942,-0.0642167273865942,-0.0642167244695151,1.62,1.62,0.7783114045658064
0.0031675191907551,2.0503096212471257,1.618295444987598,1.618295444987598,1.618295444987598,1.6184563381387946,1.6184563381387946,1.6184563381387946,1.6184336412778495,-0.0642169004076508,-0.0642169004076508,-0.0642168979012409,1.62,1.62,0.7783113461610496
0.0031831441907551,1.992366569188343,1.6182953909906312,1.6182953909906312,1.6182953909906312,1.6185064769841149,1.6185064769841149,1.6185064769841149,1.618483778768036,-0.0642170548640214,-0.0642170548640214,-0.0642170526264366,1.62,1.62,0.7783112940276764
0.0031987691907551,1.92011367870123,1.6182953611806026,1.6182953611806026,1.6182953611806026,1.618546425609059,1.618546425609059,1.618546425609059,1.6185237263132632,-0.0642171780116866,-0.0642171780116866,-0.0642171764438062,1.62,1.62,0.7783112524484066
0.0032143941907551,1.836327587847319,1.6182953173810208,1.6182953173810208,1.6182953173810208,1.618580254841529,1.618580254841529,1.618580254841529,1.6185575546314104,-0.0642172821664769,-0.0642172821664769,-0.0642172805341488,1.62,1.62,0.7783112173027436
0.0032300191907551,1.7442281491103446,1.6182953325135252,1.6182953325135252,1.6182953325135252,1.6185996952113415,1.6185996952113415,1.6185996952113415,1.618576994475793,-0.0642173422954672,-0.0642173422954672,-0.0642173420343214,1.62,1.62,0.778311196968338
0.0032456441907551,1.6473546922710085,1.6182953008692398,1.6182953008692398,1.6182953008692398,1.6186108445096352,1.6186108445096352,1.6186108445096352,1.6185881434727498,-0.0642173765227028,-0.0642173765227028,-0.0642173757430604,1.62,1.62,0.7783111854349856
0.0032604879407551,1.5542929330542037,1.618295331385,1.618295331385,1.618295331385,1.6186105095232743,1.6186105095232743,1.6186105095232743,1.6185878084954397,-0.0642173756925192,-0.0642173756925192,-0.0642173759365277,1.62,1.62,0.778311185682465
0.0032761129407551,1.4588562697546177,1.6182953717802553,1.6182953717802553,1.6182953717802553,1.618595010958682,1.618595010958682,1.618595010958682,1.618572310349734,-0.064217328141997,-0.064217328141997,-0.0642173292537351,1.62,1.62,0.778311201700644
0.0032917379407551,1.369612269637917,1.618295415328845,1.618295415328845,1.618295415328845,1.6185671048832344,1.6185671048832344,1.6185671048832344,1.6185444050285194,-0.064217242291797,-0.064217242291797,-0.064217243795504,1.62,1.62,0.778311230658604
0.0033073629407551,1.289990529579974,1.618295459353029,1.618295459353029,1.618295459353029,1.618533552211819,1.618533552211819,1.618533552211819,1.6185108532639518,-0.0642171390035374,-0.0642171390035374,-0.0642171406577127,1.62,1.62,0.7783112655094258
0.0033229879407551,1.2230508683988273,1.6182955463861053,1.6182955463861053,1.6182955463861053,1.6184861597614382,1.6184861597614382,1.6184861597614382,1.6184634620944722,-0.0642169932832141,-0.0642169932832141,-0.0642169960590083,1.62,1.62,0.7783113146494324
0.0033386129407551,1.1713657397334785,1.6182955829000878,1.6182955829000878,1.6182955829000878,1.6184360634097186,1.6184360634097186,1.6184360634097186,1.6184133670967389,-0.0642168388501351,-0.0642168388501351,-0.0642168408304513,1.62,1.62,0.7783113667924009
0.0033542379407551,1.1369213740931805,1.6182957029528948,1.6182957029528948,1.6182957029528948,1.6183760400478124,1.6183760400478124,1.6183760400478124,1.6183533453571155,-0.0642166543136922,-0.0642166543136922,-0.0642166579382513,1.62,1.62,0.7783114290186388
0.0033690816907551,1.121382148978857,1.6182957440277348,1.6182957440277348,1.6182957440277348,1.6183200698962108,1.6183200698962108,1.6183200698962108,1.618297376718256,-0.0642164817616261,-0.0642164817616261,-0.0642164845553067,1.62,1.62,0.7783114872812206
0.0033847066907551,1.1237150407575942,1.6182958271190035,1.6182958271190035,1.6182958271190035,1.6182576118876553,1.6182576118876553,1.6182576118876553,1.6182349203977904,-0.0642162894254459,-0.0642162894254459,-0.0642162924666736,1.62,1.62,0.7783115521886961
0.0034003316907551,1.1451198852002056,1.618295891497031,1.618295891497031,1.618295891497031,1.6181971930660737,1.6181971930660737,1.6181971930660737,1.618174503209186,-0.0642161032550267,-0.0642161032550267,-0.0642161060262626,1.62,1.62,0.7783116150338882
0.0034159566907551,1.1847741061387365,1.6182959557019911,1.6182959557019911,1.6182959557019911,1.6181403893466593,1.6181403893466593,1.6181403893466593,1.6181177010250412,-0.0642159282275821,-0.0642159282275821,-0.0642159308256373,1.62,1.62,0.7783116741169762
0.0034315816907551,1.241153814100865,1.6182960008866965,1.6182960008866965,1.6182960008866965,1.618091041497283,1.618091041497283,1.618091041497283,1.618068354509421,-0.0642157760916796,-0.0642157760916796,-0.0642157781707699,1.62,1.62,0.7783117254859847
0.0034472066907551,1.312092368527706,1.618296053825624,1.618296053825624,1.618296053825624,1.6180472752305337,1.6180472752305337,1.6180472752305337,1.6180245894255696,-0.0642156412410334,-0.0642156412410334,-0.0642156432936393,1.62,1.62,0.7783117710060053
0.0034628316907551,1.3948636405554382,1.6182960629066852,1.6182960629066852,1.6182960629066852,1.6180152981130005,1.6180152981130005,1.6180152981130005,1.6179926131723046,-0.0642155425077779,-0.0642155425077779,-0.0642155435101395,1.62,1.62,0.7783118043678251
0.0034784566907551,1.4862867766187002,1.6182960993740922,1.6182960993740922,1.6182960993740922,1.6179918943306026,1.6179918943306026,1.6179918943306026,1.6179692100224548,-0.0642154704323116,-0.0642154704323116,-0.0642154716288335,1.62,1.62,0.7783118286918211
0.0034933004407551,1.577955136571078,1.618296091400362,1.618296091400362,1.618296091400362,1.617979429715335,1.617979429715335,1.617979429715335,1.6179567457440784,-0.0642154318689902,-0.0642154318689902,-0.064215432273621,1.62,1.62,0.778311841734821
0.0035089254407551,1.6759626910915848,1.6182960658139385,1.6182960658139385,1.6182960658139385,1.6179815785654272,1.6179815785654272,1.6179815785654272,1.617958894536095,-0.0642154383138809,-0.0642154383138809,-0.0642154378189711,1.62,1.62,0.7783118395878452
0.0035245504407551,1.771819630777684,1.6182960360422778,1.6182960360422778,1.6182960360422778,1.617996928240141,1.617996928240141,1.617996928240141,1.6179742437959448,-0.0642154855224966,-0.0642154855224966,-0.0642154845762678,1.62,1.62,0.778311823666128
0.0035401754407551,1.8618422271944235,1.618296005132524,1.618296005132524,1.618296005132524,1.6180188158234508,1.6180188158234508,1.6180188158234508,1.6179961307876851,-0.0642155529288632,-0.0642155529288632,-0.0642155518058314,1.62,1.62,0.7783118009178153
0.0035558004407551,1.9425709624467649,1.6182959269407278,1.6182959269407278,1.6182959269407278,1.6180562000656704,1.6180562000656704,1.6180562000656704,1.618033514019501,-0.0642156678703701,-0.0642156678703701,-0.0642156654985766,1.62,1.62,0.778311762158058
0.0035714254407551,2.0109034765121567,1.6182958993041092,1.6182958993041092,1.6182958993041092,1.6180980180810611,1.6180980180810611,1.6180980180810611,1.6180753309046485,-0.064215796860127,-0.064215796860127,-0.0642157952445563,1.62,1.62,0.7783117185934049
0.0035870504407551,2.0642137891963817,1.6182957816552388,1.6182957816552388,1.6182957816552388,1.618152117117602,1.618152117117602,1.618152117117602,1.618129428479026,-0.0642159631721894,-0.0642159631721894,-0.0642159597343985,1.62,1.62,0.7783116625142009
0.0036018941907551,2.0990709846653965,1.618295744715178,1.618295744715178,1.618295744715178,1.6182040569984386,1.6182040569984386,1.6182040569984386,1.6181813669560494,-0.064216123336591,-0.064216123336591,-0.0642161206971019,1.62,1.62,0.7783116084282824
0.0036175191907551,2.1177923153196065,1.6182956570935896,1.6182956570935896,1.6182956570935896,1.6182656528110153,1.6182656528110153,1.6182656528110153,1.6182429611038396,-0.0642163129886011,-0.0642163129886011,-0.0642163098941931,1.62,1.62,0.7783115444313503
0.0036331441907551,2.11738376646123,1.6182955896974789,1.6182955896974789,1.6182955896974789,1.6183274503769107,1.6183274503769107,1.6183274503769107,1.618304756999494,-0.0642165033785359,-0.0642165033785359,-0.0642165004939313,1.62,1.62,0.7783114801664636
0.0036487691907551,2.0978610383937784,1.6182955165515858,1.6182955165515858,1.6182955165515858,1.618388320161744,1.618388320161744,1.618388320161744,1.6183656251391627,-0.0642166908603506,-0.0642166908603506,-0.0642166879986776,1.62,1.62,0.7783114168912645
0.0036643941907551,2.0599743786084117,1.6182954591106706,1.6182954591106706,1.6182954591106706,1.618444756174123,1.618444756174123,1.618444756174123,1.6184220596262109,-0.0642168647424222,-0.0642168647424222,-0.0642168622511989,1.62,1.62,0.7783113581968198
0.0036800191907551,2.005179750193597,1.6182953983838564,1.6182953983838564,1.6182953983838564,1.6184964433431897,1.6184964433431897,1.6184964433431897,1.618473745398297,-0.0642170239335791,-0.0642170239335791,-0.0642170215312844,1.62,1.62,0.7783113044709912
0.0036956441907551,1.935582879990136,1.618295366708031,1.618295366708031,1.618295366708031,1.6185394540198732,1.6185394540198732,1.6185394540198732,1.6185167549125037,-0.0642171565193033,-0.0642171565193033,-0.064217154825372,1.62,1.62,0.7783112597052693
0.0037112691907551,1.853858336689572,1.618295325828349,1.618295325828349,1.618295325828349,1.618574041684608,1.618574041684608,1.618574041684608,1.6185513416424162,-0.0642172630446136,-0.0642172630446136,-0.0642172614602656,1.62,1.62,0.7783112237539551
0.0037268941907551,1.7631467486592942,1.6182953261149446,1.6182953261149446,1.6182953261149446,1.6185970054328478,1.6185970054328478,1.6185970054328478,1.6185743047699983,-0.0642173339414172,-0.0642173339414172,-0.0642173333146088,1.62,1.62,0.7783111997990948
0.0037417379407551,1.6718188356750598,1.6182953092449868,1.6182953092449868,1.6182953092449868,1.6186113522646777,1.6186113522646777,1.6186113522646777,1.618588651214068,-0.064217378135167,-0.064217378135167,-0.0642173776052587,1.62,1.62,0.7783111848829003
0.0037573629407551,1.573803259445338,1.6182953367834811,1.6182953367834811,1.6182953367834811,1.6186104440203617,1.6186104440203617,1.6186104440203617,1.6185877429942968,-0.0642173755320888,-0.0642173755320888,-0.0642173759847884,1.62,1.62,0.778311185729906
0.0037729879407551,1.4775629980477012,1.6182953631855606,1.6182953631855606,1.6182953631855606,1.6185962726317873,1.6185962726317873,1.6185962726317873,1.61857357198874,-0.0642173319781166,-0.0642173319781166,-0.06421733284254,1.62,1.62,0.7783112004140468
0.0037886129407551,1.3867965107555005,1.6182953948291463,1.6182953948291463,1.6182953948291463,1.6185755121493344,1.6185755121493344,1.6185755121493344,1.6185528120673929,-0.0642172680963639,-0.0642172680963639,-0.0642172691786988,1.62,1.62,0.7783112219641873
0.0038042379407551,1.3049919027729422,1.6182954700533758,1.6182954700533758,1.6182954700533758,1.6185391240471538,1.6185391240471538,1.6185391240471538,1.6185164249486914,-0.0642171562890745,-0.0642171562890745,-0.0642171585931316,1.62,1.62,0.7783112596554267
0.0038198629407551,1.2352928793082434,1.618295498757944,1.618295498757944,1.618295498757944,1.6184981689709197,1.6184981689709197,1.6184981689709197,1.6184754709793765,-0.064217030031072,-0.064217030031072,-0.0642170316163166,1.62,1.62,0.7783113022861274
0.0038354879407551,1.18037793474549,1.618295613998477,1.618295613998477,1.618295613998477,1.6184447308869123,1.6184447308869123,1.6184447308869123,1.6184220343396678,-0.064216865820604,-0.064216865820604,-0.0642168692116445,1.62,1.62,0.7783113576453614
0.0038503316907551,1.143831860066578,1.6182956514143856,1.6182956514143856,1.6182956514143856,1.6183932844511526,1.6183932844511526,1.6183932844511526,1.6183705892943838,-0.064216707224818,-0.064216707224818,-0.0642167098352454,1.62,1.62,0.7783114111939571
0.0038659566907551,1.1232251287953958,1.618295739261375,1.618295739261375,1.618295739261375,1.6183319106462808,1.6183319106462808,1.6183319106462808,1.6183092171482978,-0.0642165182895699,-0.0642165182895699,-0.0642165213746334,1.62,1.62,0.7783114749436326
0.0038815816907551,1.1217091772300494,1.6182958067720827,1.6182958067720827,1.6182958067720827,1.6182701302068785,1.6182701302068785,1.6182701302068785,1.6182474383786736,-0.0642163279544081,-0.0642163279544081,-0.0642163308357158,1.62,1.62,0.778311539189705
0.0038972066907551,1.1393422625390388,1.6182958805688858,1.6182958805688858,1.6182958805688858,1.6182090292167703,1.6182090292167703,1.6182090292167703,1.6181863390399798,-0.0642161397367326,-0.0642161397367326,-0.064216142609469,1.62,1.62,0.7783116027171091
0.0039128316907551,1.1754467551426866,1.6182959389985856,1.6182959389985856,1.6182959389985856,1.6181520748349087,1.6181520748349087,1.6181520748349087,1.6181293861974595,-0.0642159642117487,-0.0642159642117487,-0.0642159667287638,1.62,1.62,0.778311661973551
0.0039284566907551,1.22863517963787,1.6182960002986186,1.6182960002986186,1.6182960002986186,1.6180997819859255,1.6180997819859255,1.6180997819859255,1.6180770947618284,-0.0642158030880789,-0.0642158030880789,-0.0642158055109348,1.62,1.62,0.7783117163624729
0.0039440816907551,1.2968635346996529,1.6182960339702075,1.6182960339702075,1.6182960339702075,1.6180558603221498,1.6180558603221498,1.6180558603221498,1.618033174285152,-0.0642156676326305,-0.0642156676326305,-0.0642156693799413,1.62,1.62,0.7783117621070863
0.0039597066907551,1.3775098429059085,1.6182960751599134,1.6182960751599134,1.6182960751599134,1.6180203283496777,1.6180203283496777,1.6180203283496777,1.617997643273025,-0.0642155581263846,-0.0642155581263846,-0.0642155597365582,1.62,1.62,0.7783117990762181
0.0039753316907551,1.4674749118592427,1.6182960776713202,1.6182960776713202,1.6182960776713202,1.6179961905369948,1.6179961905369948,1.6179961905369948,1.6179735061127325,-0.0642154835725171,-0.0642154835725171,-0.0642154842711917,1.62,1.62,0.7783118242719737
0.0039909566907551,1.5633014344127716,1.6182960940710496,1.6182960940710496,1.6182960940710496,1.6179827655734034,1.6179827655734034,1.6179827655734034,1.617960081511986,-0.0642154421802666,-0.0642154421802666,-0.0642154427490091,1.62,1.62,0.7783118382488097
0.0040058004407551,1.6564129802948535,1.6182960811297995,1.6182960811297995,1.6182960811297995,1.617979026507716,1.617979026507716,1.617979026507716,1.6179563425473584,-0.0642154305431028,-0.0642154305431028,-0.064215430523111,1.62,1.62,0.778311842195936
0.0040214254407551,1.7529994609512454,1.6182960420783483,1.6182960420783483,1.6182960420783483,1.6179909205434155,1.6179909205434155,1.6179909205434155,1.6179682362615928,-0.0642154670058137,-0.0642154670058137,-0.0642154660329573,1.62,1.62,0.7783118299175771
0.0040370504407551,1.844474846910241,1.6182960036472456,1.6182960036472456,1.6182960036472456,1.6180155128116638,1.6180155128116638,1.6180155128116638,1.6179928278651714,-0.0642155427081529,-0.0642155427081529,-0.0642155413632066,1.62,1.62,0.7783118043749805
0.0040526754407551,1.9273237903894171,1.6182959615088872,1.6182959615088872,1.6182959615088872,1.618046011357791,1.618046011357791,1.618046011357791,1.6180233255869965,-0.0642156366414407,-0.0642156366414407,-0.0642156351037278,1.62,1.62,0.778311772673049
0.0040683004407551,1.998362452953096,1.6182958779889978,1.6182958779889978,1.6182958779889978,1.6180908804494716,1.6180908804494716,1.6180908804494716,1.618068193465975,-0.0642157746628653,-0.0642157746628653,-0.0642157719940151,1.62,1.62,0.7783117261195532
0.0040839254407551,2.0548608586378947,1.6182958422777514,1.6182958422777514,1.6182958422777514,1.618138930026925,1.618138930026925,1.618138930026925,1.6181162417447612,-0.064215922846454,-0.064215922846454,-0.0642159209388871,1.62,1.62,0.7783116760769202
0.0040995504407551,2.094647805398018,1.6182957237708164,1.6182957237708164,1.6182957237708164,1.6181976104703104,1.6181976104703104,1.6181976104703104,1.6181749206021585,-0.0642161032923405,-0.0642161032923405,-0.064216099708422,1.62,1.62,0.7783116152238326
0.0041143941907551,2.11556591092021,1.6182956829318669,1.6182956829318669,1.6182956829318669,1.6182527309350856,1.6182527309350856,1.6182527309350856,1.6182300395771567,-0.0642162732488738,-0.0642162732488738,-0.0642162704805315,1.62,1.62,0.7783115578337493
0.0041300191907551,2.119005778481095,1.6182955981996547,1.6182955981996547,1.6182955981996547,1.618315242379266,1.618315242379266,1.618315242379266,1.6182925493318026,-0.0642164657392261,-0.0642164657392261,-0.0642164626643255,1.62,1.62,0.77831149287593
0.0041456441907551,2.103269133820616,1.6182955326973911,1.6182955326973911,1.6182955326973911,1.618376320781185,1.618376320781185,1.618376320781185,1.6183536260829183,-0.0642166539119594,-0.0642166539119594,-0.0642166510925062,1.62,1.62,0.7783114293596974
0.0041612691907551,2.068960727367864,1.6182954657367403,1.6182954657367403,1.6182954657367403,1.6184345054727294,1.6184345054727294,1.6184345054727294,1.6184118092018696,-0.0642168331351983,-0.0642168331351983,-0.0642168304485819,1.62,1.62,0.7783113688698832
0.0041768941907551,2.017399011942441,1.6182954169757615,1.6182954169757615,1.6182954169757615,1.6184860298148085,1.6184860298148085,1.6184860298148085,1.6184633321513675,-0.0642169919039191,-0.0642169919039191,-0.0642169896979596,1.62,1.62,0.7783113152737959
0.0041925191907551,1.950565475352004,1.61829536165091,1.61829536165091,1.61829536165091,1.618532175381976,1.618532175381976,1.618532175381976,1.6185094764713317,-0.0642171340139663,-0.0642171340139663,-0.0642171318518663,1.62,1.62,0.7783112673149124
0.0042081441907551,1.871028492927044,1.6182953463213716,1.6182953463213716,1.6182953463213716,1.6185673320542733,1.6185673320542733,1.6185673320542733,1.6185446321934256,-0.0642172424597689,-0.0642172424597689,-0.0642172412585467,1.62,1.62,0.7783112306881858
0.0042237691907551,1.781844626297298,1.618295308471892,1.618295308471892,1.618295308471892,1.6185939168334635,1.6185939168334635,1.6185939168334635,1.6185712162540935,-0.0642173242963851,-0.0642173242963851,-0.0642173229836017,1.62,1.62,0.7783112030757147
0.0042386129407551,1.6913030883738478,1.6182953103785302,1.6182953103785302,1.6182953103785302,1.618609794058468,1.618609794058468,1.618609794058468,1.618587093049973,-0.0642173733261549,-0.0642173733261549,-0.0642173727387852,1.62,1.62,0.778311186507512
0.0042542379407551,1.5933848178620047,1.6182953316785915,1.6182953316785915,1.6182953316785915,1.6186113297797808,1.6186113297797808,1.6186113297797808,1.6185886287297766,-0.064217378231806,-0.064217378231806,-0.0642173785444262,1.62,1.62,0.7783111848233684
0.0042698629407551,1.4964893538737587,1.618295357430534,1.618295357430534,1.618295357430534,1.6185995539689584,1.6185995539689584,1.6185995539689584,1.6185768532372249,-0.0642173420643395,-0.0642173420643395,-0.0642173428406189,1.62,1.62,0.7783111970132601
0.0042854879407551,1.4043403347505758,1.6182953844805037,1.6182953844805037,1.6182953844805037,1.6185810484217475,1.6185810484217475,1.6185810484217475,1.6185583481901735,-0.0642172851191656,-0.0642172851191656,-0.0642172860779068,1.62,1.62,0.7783112162237181
0.0043011129407551,1.3204789956195946,1.6182954596151824,1.6182954596151824,1.6182954596151824,1.6185467169038643,1.6185467169038643,1.6185467169038643,1.6185240176001856,-0.0642171796554567,-0.0642171796554567,-0.0642171818869118,1.62,1.62,0.7783112517725028
0.0043167379407551,1.248128080713638,1.6182954845827142,1.6182954845827142,1.6182954845827142,1.6185075123546795,1.6185075123546795,1.6185075123546795,1.6184848141106076,-0.064217058785369,-0.064217058785369,-0.0642170602785042,1.62,1.62,0.7783112925853953
0.0043323629407551,1.190067995117681,1.618295600622338,1.618295600622338,1.618295600622338,1.6184554798686597,1.6184554798686597,1.6184554798686597,1.618432783030896,-0.0642168989151917,-0.0642168989151917,-0.0642169022636547,1.62,1.62,0.7783113464779972
0.0043472066907551,1.1501870753048309,1.6182956361237704,1.6182956361237704,1.6182956361237704,1.6184050686787748,1.6184050686787748,1.6184050686787748,1.6183823732035068,-0.0642167435095353,-0.0642167435095353,-0.0642167460761879,1.62,1.62,0.7783113989496753
0.0043628316907551,1.125834099456372,1.6182957242785867,1.6182957242785867,1.6182957242785867,1.6183442096731924,1.6183442096731924,1.6183442096731924,1.6183215158427962,-0.0642165561692242,-0.0642165561692242,-0.0642165592444509,1.62,1.62,0.7783114621595448
0.0043784566907551,1.1204716420343752,1.6182957919567422,1.6182957919567422,1.6182957919567422,1.6182825349649217,1.6182825349649217,1.6182825349649217,1.6182598428014456,-0.0642163661650405,-0.0642163661650405,-0.0642163690493425,1.62,1.62,0.7783115262930486
0.0043940816907551,1.1343057792702669,1.6182958669649965,1.6182958669649965,1.6182958669649965,1.6182210422989274,1.6182210422989274,1.6182210422989274,1.6181983517974514,-0.0642161767490233,-0.0642161767490233,-0.0642161796523419,1.62,1.62,0.7783115902235892
0.0044097066907551,1.166804873028345,1.6182959273064617,1.6182959273064617,1.6182959273064617,1.618163117245989,1.618163117245989,1.618163117245989,1.6181404283100898,-0.0642159982419958,-0.0642159982419958,-0.0642160008190196,1.62,1.62,0.778311650485228
0.0044253316907551,1.216720001361188,1.6182959896797005,1.6182959896797005,1.6182959896797005,1.6181096737370917,1.6181096737370917,1.6181096737370917,1.6180869862456433,-0.0642158335732607,-0.0642158335732607,-0.0642158360452109,1.62,1.62,0.7783117060707699
0.0044409566907551,1.282132953879692,1.6182960273052114,1.6182960273052114,1.6182960273052114,1.618063981247158,1.618063981247158,1.618063981247158,1.6180412949906706,-0.0642156926764986,-0.0642156926764986,-0.0642156945396164,1.62,1.62,0.7783117536497335
0.0044565816907551,1.3605299475025798,1.6182960690651318,1.6182960690651318,1.6182960690651318,1.6180266021073313,1.6180266021073313,1.6180266021073313,1.618003916861114,-0.0642155774690506,-0.0642155774690506,-0.0642155791400268,1.62,1.62,0.7783117925449448
0.0044722066907551,1.4488982297304591,1.6182960771706218,1.6182960771706218,1.6182960771706218,1.618000144536925,1.618000144536925,1.618000144536925,1.6179774600057948,-0.0642154957864061,-0.0642154957864061,-0.0642154966401093,1.62,1.62,0.7783118201440395
0.0044878316907551,1.543841857034819,1.6182960932614492,1.6182960932614492,1.6182960932614492,1.6179844751530983,1.6179844751530983,1.6179844751530983,1.617961791045475,-0.0642154474599912,-0.0642154474599912,-0.0642154480893529,1.62,1.62,0.7783118364646064
0.0045034566907551,1.6417121990633514,1.6182960690886787,1.6182960690886787,1.6182960690886787,1.617981324843259,1.617981324843259,1.617981324843259,1.6179586408207836,-0.0642154375694629,-0.0642154375694629,-0.0642154372656401,1.62,1.62,0.7783118398330741
0.0045190816907551,1.738748153458221,1.6182960588040556,1.6182960588040556,1.6182960588040556,1.6179897071454394,1.6179897071454394,1.6179897071454394,1.617967022896411,-0.0642154633619301,-0.0642154633619301,-0.0642154628735124,1.62,1.62,0.7783118311322287
0.0045339254407551,1.8267613426823812,1.6182960223756082,1.6182960223756082,1.6182960223756082,1.6180063250401089,1.6180063250401089,1.6180063250401089,1.6179836403419396,-0.0642155144608175,-0.0642155144608175,-0.0642155134346875,1.62,1.62,0.778311813900124
0.0045495504407551,1.91160274732256,1.6182959602631437,1.6182959602631437,1.6182959602631437,1.6180387335446529,1.6180387335446529,1.6180387335446529,1.618016047970561,-0.0642156141432351,-0.0642156141432351,-0.0642156122256792,1.62,1.62,0.7783117802795401
0.0045651754407551,1.9852380219158363,1.6182959041254945,1.6182959041254945,1.6182959041254945,1.6180815781437432,1.6180815781437432,1.6180815781437432,1.618058891411664,-0.0642157461081629,-0.0642157461081629,-0.0642157439768327,1.62,1.62,0.7783117357410665
0.0045808004407551,2.0448374041547304,1.6182958428354255,1.6182958428354255,1.6182958428354255,1.61812842017788,1.61812842017788,1.61812842017788,1.618105732179773,-0.0642158903912166,-0.0642158903912166,-0.0642158880942441,1.62,1.62,0.7783116870442723
0.0045964254407551,2.0881105232035218,1.6182957530541795,1.6182957530541795,1.6182957530541795,1.6181858470484494,1.6181858470484494,1.6181858470484494,1.618163157498233,-0.0642160671476854,-0.0642160671476854,-0.0642160640398162,1.62,1.62,0.7783116274085159
0.0046120504407551,2.113394417365004,1.6182957045383803,1.6182957045383803,1.6182957045383803,1.6182434125603158,1.6182434125603158,1.6182434125603158,1.6182207214542392,-0.0642162446236888,-0.0642162446236888,-0.064216242257019,1.62,1.62,0.7783115674824556
0.0046276754407551,2.119717440765926,1.6182955928340024,1.6182955928340024,1.6182955928340024,1.618306997069939,1.618306997069939,1.618306997069939,1.6182843042453283,-0.0642164402385902,-0.0642164402385902,-0.064216436634886,1.62,1.62,0.7783115014993929
0.0046425191907551,2.107932063271148,1.6182955479148695,1.6182955479148695,1.6182955479148695,1.6183642497756932,1.6183642497756932,1.6183642497756932,1.6183415554036766,-0.0642166167363453,-0.0642166167363453,-0.0642166139280503,1.62,1.62,0.7783114419058917
0.0046581441907551,2.077254811227035,1.618295477133928,1.618295477133928,1.618295477133928,1.618423220560712,1.618423220560712,1.618423220560712,1.6184005245948565,-0.06421679836691,-0.06421679836691,-0.0642167956090914,1.62,1.62,0.7783113806058557
0.0046737691907551,2.0290055132189204,1.6182954216495582,1.6182954216495582,1.6182954216495582,1.618477268822322,1.618477268822322,1.618477268822322,1.6184545713956706,-0.0642169648812614,-0.0642169648812614,-0.0642169624565495,1.62,1.62,0.7783113244001837
0.0046893941907551,1.9650383627107373,1.618295380922576,1.618295380922576,1.618295380922576,1.6185226207154852,1.6185226207154852,1.6185226207154852,1.6184999220630796,-0.0642171046460334,-0.0642171046460334,-0.0642171027594768,1.62,1.62,0.7783112772167236
0.0047050191907551,1.887811581423324,1.6182953342521793,1.6182953342521793,1.6182953342521793,1.618562080693673,1.618562080693673,1.618562080693673,1.6185393809747586,-0.0642172261621735,-0.0642172261621735,-0.0642172243127316,1.62,1.62,0.7783112362086138
0.0047206441907551,1.8002929512522774,1.618295333713362,1.618295333713362,1.618295333713362,1.6185885252282135,1.6185885252282135,1.6185885252282135,1.6185658247945642,-0.0642173078160589,-0.0642173078160589,-0.064217307118342,1.62,1.62,0.7783112086173771
0.0047362691907551,1.7058457640740576,1.6182953018011288,1.6182953018011288,1.6182953018011288,1.6186064451631637,1.6186064451631637,1.6186064451631637,1.6185837442451825,-0.0642173629353775,-0.0642173629353775,-0.0642173619443932,1.62,1.62,0.7783111900267385
0.0047518941907551,1.6080995723253313,1.6182953441064136,1.6182953441064136,1.6182953441064136,1.618609743777008,1.618609743777008,1.618609743777008,1.618587042769869,-0.0642173734076179,-0.0642173734076179,-0.0642173740215069,1.62,1.62,0.7783111864416732
0.0047667379407551,1.515606154163916,1.618295337608161,1.618295337608161,1.618295337608161,1.6186063107797937,1.6186063107797937,1.6186063107797937,1.6185836098654407,-0.0642173627847414,-0.0642173627847414,-0.0642173631332128,1.62,1.62,0.7783111900348627
0.0047823629407551,1.4222166903181446,1.6182953901705923,1.6182953901705923,1.6182953901705923,1.6185861313813208,1.6185861313813208,1.6185861313813208,1.6185634310123658,-0.0642173008531435,-0.0642173008531435,-0.0642173022311835,1.62,1.62,0.7783112109008018
0.0047979879407551,1.3364279281452889,1.6182954283534383,1.6182954283534383,1.6182954283534383,1.6185566997231011,1.6185566997231011,1.6185566997231011,1.618534000149613,-0.0642172102598208,-0.0642172102598208,-0.0642172118040712,1.62,1.62,0.7783112414667485
0.0048136129407551,1.2615366816647595,1.618295493140535,1.618295493140535,1.618295493140535,1.6185166255092311,1.6185166255092311,1.6185166255092311,1.6184939270188508,-0.0642170869781374,-0.0642170869781374,-0.0642170891302356,1.62,1.62,0.7783112830502327
0.0048292379407551,1.2004209794793086,1.618295565406106,1.618295565406106,1.618295565406106,1.6184658871589597,1.6184658871589597,1.6184658871589597,1.6184431900399137,-0.0642169308218214,-0.0642169308218214,-0.0642169334399987,1.62,1.62,0.7783113357335592
0.0048448629407551,1.155429463749842,1.618295620674406,1.618295620674406,1.618295620674406,1.618413568149078,1.618413568149078,1.618413568149078,1.61839087244409,-0.0642167696394747,-0.0642167696394747,-0.0642167719689379,1.62,1.62,0.7783113901387314
0.0048604879407551,1.1282911331943106,1.6182957253425374,1.6182957253425374,1.6182957253425374,1.618351847513798,1.618351847513798,1.618351847513798,1.618329153476968,-0.0642165797685201,-0.0642165797685201,-0.0642165832235184,1.62,1.62,0.7783114541827023
0.0048761129407551,1.1200488986366124,1.618295759153001,1.618295759153001,1.618295759153001,1.6182927538941012,1.6182927538941012,1.6182927538941012,1.618270061454434,-0.0642163975013773,-0.0642163975013773,-0.0642163996714986,1.62,1.62,0.7783115157394834
0.0048909566907551,1.1300182012860418,1.6182958555944509,1.6182958555944509,1.6182958555944509,1.6182332661979346,1.6182332661979346,1.6182332661979346,1.6182105753660756,-0.0642162144235205,-0.0642162144235205,-0.0642162174251275,1.62,1.62,0.7783115775044847
0.0049065816907551,1.158861784951556,1.618295917562933,1.618295917562933,1.618295917562933,1.6181738626189168,1.6181738626189168,1.6181738626189168,1.6181511733925955,-0.0642160313700951,-0.0642160313700951,-0.0642160340751663,1.62,1.62,0.7783116392993127
0.0049222066907551,1.2054266516120913,1.6182959776623036,1.6182959776623036,1.6182959776623036,1.6181192509645663,1.6181192509645663,1.6181192509645663,1.6180965632142688,-0.0642158630782098,-0.0642158630782098,-0.0642158655438912,1.62,1.62,0.7783116961117593
0.0049378316907551,1.2679233395557614,1.6182960181894732,1.6182960181894732,1.6182960181894732,1.6180730502693763,1.6180730502693763,1.6180730502693763,1.6180503637677748,-0.0642157206287591,-0.0642157206287591,-0.0642157225439934,1.62,1.62,0.7783117442127107
0.0049534566907551,1.3439501361134378,1.6182960672143123,1.6182960672143123,1.6182960672143123,1.618032710421242,1.618032710421242,1.618032710421242,1.6180100250099307,-0.0642155963333281,-0.0642155963333281,-0.0642155982258242,1.62,1.62,0.7783117861700679
0.0049690816907551,1.4305853741297274,1.6182960684624228,1.6182960684624228,1.6182960684624228,1.6180051242819635,1.6180051242819635,1.6180051242819635,1.6179824396162428,-0.0642155111102475,-0.0642155111102475,-0.064215511861012,1.62,1.62,0.7783118149745091
0.0049847066907551,1.5244997099932658,1.618296102254168,1.618296102254168,1.618296102254168,1.6179861048248432,1.6179861048248432,1.6179861048248432,1.617963420673173,-0.0642154525603154,-0.0642154525603154,-0.0642154535908235,1.62,1.62,0.7783118347301254
0.005,1.6199999999999988,1.6182960612696102,1.6182960612696102,1.6182960612696102,1.6179816175071688,1.6179816175071688,1.6179816175071688,1.617958933476784,-0.0642154384240339,-0.0642154384240339,-0.06421543787948,1.62,1.62,0.778311839552257
